date,open,high,low,close,volume,amount
2023-09-04,63.9845582,65.2729039,63.4829885,65.2729039,2525275,165695952.28
2023-09-05,65.2729039,66.2367045,64.1812522,64.5451361,3126879,207584299.78
2023-09-06,63.92555,66.6497619,63.9058806,66.2072004,3898781,260026708.75
2023-09-07,65.8728206,65.8728206,62.9519147,63.433815,3293858,214865024.18
2023-09-08,63.040427,64.2599298,62.8929065,63.92555,1488509,96527946.89
2023-09-11,63.9452194,65.6564572,63.6698478,64.2795992,2931352,192835411.68
2023-09-12,64.220591,64.220591,63.138774,63.4239803,1534200,99013846.84
2023-09-13,63.2076169,63.4239803,61.6930731,62.4306756,1832778,116143305.72
2023-09-14,62.450345,62.5978655,61.5062138,61.8110895,1291241,81222540.93
2023-09-15,62.0077835,63.5813355,60.188364,62.3028245,2492638,156815095.11
2023-09-18,61.95861,62.5093532,61.0833217,61.4963791,1608900,101034446.0
2023-09-19,61.5750567,61.6045608,60.3653886,60.581752,1280300,79209981.0
2023-09-20,60.385058,61.1619993,59.4310921,59.4901003,1690478,102995032.99
2023-09-21,59.0377041,60.090017,59.0180347,59.9129924,1526002,92541983.76
2023-09-22,59.7261331,61.7225772,59.7261331,61.6438996,2115400,131005784.0
2023-09-25,61.8209242,61.95861,60.483405,60.8276195,1425000,88263229.0
2023-09-26,60.680099,60.97514,59.7556372,59.8638189,1177921,72158733.6
2023-09-27,59.794976,60.7587766,59.3327451,59.4704309,1584127,96329940.51
2023-09-28,59.5786126,60.778446,59.499935,60.4342315,1916538,117536277.4
2023-10-09,59.99167,61.860263,59.696629,61.5357179,2058230,127973179.6
2023-10-10,61.5357179,62.351998,61.5062138,61.9684447,1657195,104419822.75
2023-10-11,61.95861,63.4239803,61.4767097,62.843733,2397300,152920050.0
2023-10-12,63.040427,63.4534844,62.4896838,63.0600964,2027600,129913038.0
2023-10-13,62.745386,64.7910036,62.745386,64.1812522,2495700,162418698.0
2023-10-16,63.92555,63.9550541,61.9684447,62.5978655,1783529,113461916.7
2023-10-17,62.5093532,62.7847248,61.663569,62.3913368,1343218,85023663.4
2023-10-18,62.5683614,63.5124926,61.4472056,61.6832384,2004700,127477273.0
2023-10-19,64.023897,67.8495953,62.94208,67.8495953,5506056,372767803.22
2023-10-20,67.85943,68.5970325,65.3122427,65.597449,7990250,541214220.26
2023-10-23,64.810673,65.499102,62.3618327,63.1584434,5313003,341912202.79
2023-10-24,63.728856,63.92555,57.04126,60.7489419,7704288,466434577.19
2023-10-25,60.7686113,63.1289393,59.6572902,62.2733204,4639208,289685651.57
2023-10-26,60.97514,62.4405103,59.8146454,61.1324952,3247744,201036024.42
2023-10-27,60.286711,61.9684447,59.8146454,61.4373709,2912969,180618259.25
2023-10-30,60.9653053,65.3417468,60.9653053,64.7614995,5484758,355661076.82
2023-10-31,64.7516648,65.7154654,63.7386907,64.0435664,3091143,201845022.04
2023-11-01,64.5648055,65.7056307,63.92555,64.2894339,3338890,219961841.2
2023-11-02,64.220591,64.90902,63.433815,63.4633191,2560618,166943190.96
2023-11-03,63.728856,66.679266,63.728856,65.8826553,4900906,326912430.84
2023-11-06,66.482572,69.82637,66.4629026,68.5380243,6095425,421116731.41
2023-11-07,68.5281896,69.4624861,67.564389,68.8527347,3219331,224705757.5
2023-11-08,68.8232306,69.0592634,67.2300092,67.761083,3154729,218469670.11
2023-11-09,68.2331486,69.334635,67.0529846,67.1808357,2866591,198392616.0
2023-11-10,67.072654,68.0659587,66.5710843,66.8267865,2426812,165722814.88
2023-11-13,67.5152155,68.1741404,66.9349682,67.5250502,2409650,165349951.62
2023-11-14,67.662736,68.646206,66.974307,68.5281896,2760000,191014363.0
2023-11-15,69.5116596,71.498269,68.6265366,69.1772798,4486508,319479105.02
2023-11-16,68.5085202,69.4428167,67.2791827,67.564389,2786611,192971161.87
2023-11-17,66.974307,68.6953795,66.87596,68.5281896,2337568,161592819.33
2023-11-20,68.3314956,68.4101732,66.7481089,67.7807524,2672421,183912773.48
2023-11-21,67.662736,68.1151322,66.8857947,66.9939764,2187830,149759794.2
2023-11-22,66.6595966,67.2300092,66.1481922,66.1481922,1745488,118150687.56
2023-11-23,65.6564572,66.2465392,64.90902,65.8334818,2045963,136221902.2
2023-11-24,65.794143,65.8334818,64.3484421,64.515632,1637771,107914846.29
2023-11-27,64.3681115,65.794143,64.1714175,65.2532345,1666597,110277183.18
2023-11-28,65.204061,65.9810023,64.8598465,65.3810856,1476794,98239694.61
2023-11-29,65.5777796,66.3547209,65.0172017,65.302408,1545838,103397876.2
2023-11-30,65.0958793,65.0958793,64.1320787,64.7319954,1143794,75134739.72
2023-12-01,64.3681115,65.3319121,63.8173683,65.1647222,1388532,90999912.0
2023-12-04,65.6367878,65.6367878,64.3582768,64.3582768,1155389,76321875.97
2023-12-05,64.3287727,64.3877809,62.7158819,62.745386,1845019,118404242.28
2023-12-06,62.6175349,63.4633191,62.2339816,62.9814188,1182489,75710443.11
2023-12-07,62.94208,63.1191046,62.0864611,62.745386,1248600,79437950.0
2023-12-08,63.0896005,63.8665418,62.253651,63.5715008,2611408,168168119.44
2023-12-11,63.5124926,66.5120761,62.6273696,66.3645556,2970414,196269304.3
2023-12-12,67.269348,67.269348,66.1186881,66.5612496,2145400,145227665.0
2023-12-13,66.5415802,67.171001,65.89249,66.3252168,1633247,110675517.54
2023-12-14,66.8562906,67.662736,66.089184,66.4038944,1571164,106609226.56
2023-12-15,66.3940597,66.8857947,64.4369544,64.6631525,1603847,106514734.32
2023-12-18,64.3287727,64.90902,61.761916,62.0372876,2073993,132433432.28
2023-12-19,61.95861,64.8205077,61.95861,63.6206743,1944842,125652873.88
2023-12-20,63.6796825,64.122244,61.8405936,62.0274529,1486210,94480721.9
2023-12-21,62.0274529,62.9125759,60.876793,61.9782794,1633620,102638635.16
2023-12-22,62.0667917,62.3323286,60.8276195,61.1423299,1784200,110943657.0
2023-12-25,61.1423299,62.0667917,60.97514,61.0243135,1271503,79442460.7
2023-12-26,60.9849747,61.3488586,59.1262164,59.5392738,1564200,95216100.64
2023-12-27,59.6572902,60.1686946,59.1950593,59.8834883,1223700,74418633.08
2023-12-28,60.2965457,62.0766264,59.696629,61.2505116,1999120,124064484.52
2023-12-29,61.3193545,62.7257166,61.2505116,62.351998,1880386,119198477.7
2024-01-02,62.3716674,62.5290226,61.2898504,61.4373709,1423200,89206322.72
2024-01-03,61.1816687,61.3193545,59.4802656,59.8441495,1928806,117759263.22
2024-01-04,59.8539842,59.8539842,58.713159,58.7918366,1655408,99436805.28
2024-01-05,58.7918366,59.5491085,57.0904335,57.4739868,1897792,112218809.42
2024-01-08,57.0904335,57.434648,54.6514279,54.779279,2458312,138073388.28
2024-01-09,55.07432,56.05779,54.484238,54.975973,1794800,100765697.58
2024-01-10,54.975973,55.8414266,53.7564702,55.1628323,1440345,80347609.8
2024-01-11,55.07432,55.9397736,54.680932,55.664402,1762900,99490794.0
2024-01-12,55.4382039,55.467708,54.5924197,54.8481219,1382066,77204222.2
2024-01-15,54.8382872,55.8414266,54.09085,54.8972954,1712800,96229574.0
2024-01-16,54.6612626,55.1825017,53.7859743,54.5334115,1348390,74520197.2
2024-01-17,54.7006014,54.7006014,52.8320084,52.8320084,1289780,70409850.4
2024-01-18,52.320604,53.2549005,51.533828,53.1172147,2043643,108607654.81
2024-01-19,53.0975453,53.8548172,52.3796122,52.9205207,1412900,76192409.3
2024-01-22,52.8320084,52.8516778,49.8520943,49.8520943,2177780,113648602.75
2024-01-23,50.0291189,51.927216,49.3308552,51.2879605,2174054,112610178.1
2024-01-24,52.615645,53.3532475,49.8520943,51.2977952,1919278,99803352.2
2024-01-25,51.337134,52.5959756,50.5011845,52.222257,2076815,109137566.3
2024-01-26,51.7993649,52.2124223,50.943746,51.2781258,1621047,84855309.17
2024-01-29,51.14044,52.1730835,49.3505246,49.4587063,1707672,87131202.56
2024-01-30,49.2915164,49.6160615,47.5114357,47.5802786,1517338,74819614.77
2024-01-31,47.2557335,47.6884603,45.23962,45.5838345,2321455,109178011.01
2024-02-01,45.5444957,46.2132553,44.059456,45.2691241,3366537,155198656.95
2024-02-02,45.23962,45.8788755,41.30574,42.9678043,3871132,171378087.49
2024-02-05,42.1711936,43.0169778,39.2306183,41.895822,4284556,178898213.08
2024-02-06,41.4335911,44.0889601,40.6271457,43.9217702,5833716,251838727.62
2024-02-07,44.0791254,48.3178811,43.6857374,48.3178811,5652961,269050283.98
2024-02-08,49.4587063,53.1467188,48.681765,51.14044,5204096,274827975.92
2024-02-19,51.8583731,53.599115,49.960276,50.9929195,5973691,313696279.67
2024-02-20,50.0389536,50.9732501,48.7702773,49.861929,3560735,178755018.8
2024-02-21,49.1735,50.9732501,48.780112,49.3013511,3862536,195687979.95
2024-02-22,49.1243265,51.0617624,48.976806,50.3831681,3189706,162846110.99
2024-02-23,51.0224236,51.1797788,49.4193675,50.5405233,2947091,150080802.81
2024-02-26,50.7077132,51.5928362,49.960276,51.14044,4027585,208102333.14
2024-02-27,50.7372173,52.9893636,50.1668047,52.910686,4588597,241083497.41
2024-02-28,52.5861409,53.6777926,49.271847,49.566888,5309541,279898025.36
2024-02-29,49.3898634,52.9500248,49.271847,52.9500248,5677954,299755172.27
2024-03-01,53.599115,54.582585,53.205727,54.0613459,4609566,252564310.32
2024-03-04,54.3662216,54.779279,52.9205207,53.8744866,4073355,223134899.85
2024-03-05,53.599115,54.8186178,53.10738,53.7171314,4133052,227214174.96
2024-03-06,53.2549005,53.992503,51.9763895,53.2450658,3535800,190413656.0
2024-03-07,53.894156,54.582585,51.8977119,51.9075466,3224872,174534894.48
2024-03-08,52.1435794,53.402421,51.6813485,53.1270494,2593814,138976228.44
2024-03-11,52.8516778,53.8449825,52.0058936,53.8253131,2533783,136759943.24
2024-03-12,53.8253131,55.9102695,53.4614292,54.385891,3556719,197909980.43
2024-03-13,54.7399402,55.369361,54.2285358,54.4055604,2491088,138720956.65
2024-03-14,53.9039907,54.1990317,52.3501081,53.0680412,2855499,154636540.53
2024-03-15,53.0680412,53.6286191,52.2812652,53.599115,2141345,115212669.41
2024-03-18,53.6089497,55.07432,53.599115,55.0448159,3359850,186652030.38
2024-03-19,55.4086998,55.4185345,54.680932,54.7104361,2239419,125334535.52
2024-03-20,54.6317585,55.2415099,54.0121724,54.8874607,1943143,107960739.72
2024-03-21,55.172667,55.8906001,54.0613459,54.287544,2417440,134733938.95
2024-03-22,54.582585,54.9267995,52.9795289,53.0483718,2500588,136201123.4
2024-03-25,52.5664715,52.6451491,50.7077132,50.7372173,2642857,139134644.17
2024-03-26,50.943746,51.927216,49.9209372,50.3143252,2514596,129936249.56
2024-03-27,50.3339946,50.4716804,47.8064767,47.8163114,2994955,148457057.28
2024-03-28,47.9244931,49.3603593,47.2754029,48.3965587,2569200,126855176.0
2024-03-29,48.4162281,49.5767227,47.501601,49.4882104,2209272,108860826.6
2024-04-01,49.3505246,50.4323416,49.3505246,49.9799454,2203317,111893454.82
2024-04-02,50.0487883,50.1471353,48.976806,49.3111858,1739798,87228368.64
2024-04-03,49.3013511,49.763582,48.4358975,48.5145751,2362751,117419586.28
2024-04-08,48.9964754,49.0554836,47.2950723,47.304907,1891020,92117777.0
2024-04-09,47.304907,47.9736666,46.7836679,47.8654849,1903700,91738305.0
2024-04-10,47.8654849,47.8654849,46.4099493,46.7639985,1674770,79906059.5
2024-04-11,46.7246597,47.6392868,46.2329247,46.4394534,2173919,103755781.38
2024-04-12,48.681765,51.0814318,48.3670546,51.0814318,6989282,356175683.6
2024-04-15,51.1306053,52.9598595,50.0979618,52.5369674,9193199,485691482.05
2024-04-16,52.0353977,52.4091163,49.4783757,49.763582,6755749,350279170.7
2024-04-17,51.1306053,53.1368841,50.353664,53.10738,6674491,353931043.84
2024-04-18,52.9893636,53.9433295,51.7600261,52.6943226,5694753,307186428.14
2024-04-19,52.222257,52.5566368,51.238787,51.927216,3973156,209154915.47
2024-04-22,50.5306886,52.7041573,49.271847,52.2714305,3973165,207879736.43
2024-04-23,52.418951,53.3532475,51.8091996,52.4386204,3038289,162062823.51
2024-04-24,52.1829182,53.894156,52.1829182,53.599115,4256545,230351810.98
2024-04-25,52.910686,54.2088664,52.8910166,52.9008513,2914903,158152666.12
2024-04-26,53.1860576,55.6053938,53.0778759,55.1825017,5518000,306108137.0
2024-04-29,55.2218405,57.532995,55.1825017,57.1592764,5360176,308265922.04
2024-04-30,57.0314253,57.1592764,56.156137,56.7953925,3298260,190062826.2
2024-05-06,57.8182013,58.614812,57.04126,57.0904335,4226524,248660241.7
2024-05-07,56.6282026,58.1132423,56.5298556,56.7757231,3369774,195580572.72
2024-05-08,56.6773761,57.1887805,55.8512613,56.05779,2676450,153322525.46
2024-05-09,56.549525,57.6903502,56.05779,57.3067969,2706400,157555355.0
2024-05-10,57.3559704,58.4771262,57.0510947,57.2772928,3401200,199297102.0
2024-05-13,56.352831,59.1163817,56.0774594,57.7001849,3994914,235208954.59
2024-05-14,58.0050606,58.5459691,56.8248966,56.8740701,2695436,157009416.9
2024-05-15,54.5727503,55.9496083,53.8253131,53.8843213,5706106,317009336.68
2024-05-16,53.8843213,54.6710973,52.6943226,52.910686,5585767,304189889.65
2024-05-17,53.0385371,54.09085,52.4877939,54.0416765,3453625,187094604.46
2024-05-20,54.2383705,55.2218405,53.795809,54.8284525,2837503,158088039.99
2024-05-21,54.5727503,56.4806821,54.1990317,55.3890304,2542590,143272784.81
2024-05-22,55.4382039,55.8119225,54.6219238,55.4972121,1675100,94206829.72
2024-05-23,55.4873774,55.7430796,53.6581232,53.8154784,2216147,122537734.43
2024-05-24,53.8253131,54.0810153,52.4681245,52.5369674,2073800,111996758.0
2024-05-27,53.10738,53.7859743,51.435481,53.6187844,2888099,154216764.73
2024-05-28,53.6876273,55.9987818,53.304074,54.8186178,3766534,210469833.61
2024-05-29,54.484238,55.2316752,53.8253131,54.0220071,2236619,123809693.11
2024-05-30,53.697462,55.7922531,53.10738,55.369361,3675168,205270139.58
2024-05-31,55.566055,56.7068802,55.07432,56.254484,3850800,219640758.0
2024-06-03,56.3233269,57.4051439,55.6152285,56.0774594,4055696,232932463.73
2024-06-04,55.959443,56.7167149,55.467708,55.9201042,3230900,183889575.4
2024-06-05,56.2348146,56.942913,55.9299389,56.2151452,3178219,182430261.91
2024-06-06,56.4315086,56.7953925,55.2021711,55.2316752,3667100,208811167.29
2024-06-07,55.3595263,56.156137,54.4252298,54.8874607,3236344,181836082.12
2024-06-11,54.582585,59.4901003,54.5629156,58.811506,7430830,435108094.38
2024-06-12,58.5656385,59.0082,57.6116726,57.9952259,5227814,309194619.14
2024-06-13,58.0345647,58.909853,57.6805155,58.1329117,4438114,263269110.1
2024-06-14,57.8870442,58.8705142,57.1494417,58.6639855,4671689,276428208.46
2024-06-17,58.6738202,59.9129924,58.4672915,59.4704309,4848671,292617507.39
2024-06-18,59.3622492,59.5392738,58.4672915,58.909853,3746646,224382301.72
2024-06-19,59.2934063,59.4605962,57.729689,58.2509281,2963731,175781104.23
2024-06-20,58.2509281,60.1588599,58.2410934,59.106547,6153793,371157282.12
2024-06-21,58.02473,59.2737369,56.647872,58.9196877,4744469,281042089.05
2024-06-24,58.7918366,60.4539009,57.7788625,57.828036,5372783,323385331.42
2024-06-25,57.336301,58.221424,55.1431629,55.762749,4849807,277792054.33
2024-06-26,55.467708,57.237954,55.07432,57.0215906,3603750,205580052.5
2024-06-27,57.6116726,60.5915867,57.6116726,57.729689,7762401,466560026.59
2024-06-28,57.4051439,59.1360511,57.0510947,58.1919199,5433479,322544624.11
2024-07-01,57.4543174,58.516465,55.6053938,56.6183679,4108398,236444897.2
2024-07-02,56.6183679,57.1297723,55.566055,55.7725837,2895000,165521808.0
2024-07-03,55.4775427,58.1034076,55.3496916,57.5428297,4323726,249890179.35
2024-07-04,57.434648,57.9067136,56.1758064,56.254484,2995969,173151680.05
2024-07-05,56.5101862,56.6183679,54.6907667,56.2348146,2921200,165152199.1
2024-07-08,56.5986985,57.6510114,55.8414266,56.1954758,3355709,193736949.25
2024-07-09,55.8414266,60.9259665,55.664402,60.6899337,7576559,453666244.77
2024-07-10,60.3358845,61.9881141,60.3358845,61.663569,5823400,363369141.0
2024-07-11,63.92555,66.7186048,63.92555,65.4302591,10829183,718029923.95
2024-07-12,64.4271197,67.6332319,63.5616661,66.5120761,9060528,606298178.21
2024-07-15,66.5219108,68.449512,66.384225,66.6399272,6963300,476193034.95
2024-07-16,66.4924067,68.154471,65.990837,67.2300092,7152309,489643027.1
2024-07-17,67.0628193,67.662736,65.6564572,65.7154654,5515862,373408964.44
2024-07-18,64.90902,66.2367045,63.3453027,65.6367878,6148992,405340755.57
2024-07-19,65.7843083,68.3019915,65.3515815,66.87596,6986653,476792832.55
2024-07-22,67.2398439,67.8397606,66.1678616,66.4432332,5189600,352465583.29
2024-07-23,65.9416635,66.2957127,64.0140623,64.0534011,4179000,276935183.92
2024-07-24,64.4074503,65.0860446,62.8535677,63.2076169,4363566,282955516.28
2024-07-25,63.1879475,63.1879475,60.876793,60.9554706,4514497,282159555.07
2024-07-26,60.9554706,61.3193545,59.499935,60.286711,3877825,237786330.98
2024-07-29,60.2768763,60.2768763,58.811506,58.9491918,3877684,234134878.04
2024-07-30,58.5066303,59.5786126,56.942913,59.5589432,5872928,349500579.37
2024-07-31,58.9885306,61.565222,58.6541508,60.8866277,8062151,495543368.18
2024-08-01,61.466875,61.8405936,60.2178681,61.1619993,6495345,403615781.18
2024-08-02,60.090017,60.9062971,59.106547,59.6179514,4606218,280513401.02
2024-08-05,58.319771,59.303241,56.05779,56.05779,5597044,326792498.76
2024-08-06,57.4248133,57.4739868,55.7430796,56.5200209,3101712,177311249.5
2024-08-07,56.253585,56.81612085,55.7403944,55.75026345,2442504,139054479.0
2024-08-08,55.26668,56.73716845,54.279775,55.98712065,3468404,194836767.48
2024-08-09,56.67795415,57.1417995,55.61209675,55.61209675,2780400,158564586.04
2024-08-12,55.26668,55.63183485,54.7337513,55.0100847,2158844,120494538.08
2024-08-13,55.069299,55.9969897,54.7732275,55.65157295,2120560,118879963.4
2024-08-14,56.00685875,56.0759421,54.674537,54.674537,1931799,107782774.28
2024-08-15,54.674537,56.253585,54.3389893,55.2864181,3097268,174017956.07
2024-08-16,55.63183485,55.73052535,54.3784655,54.48702505,2589049,143815114.15
2024-08-19,54.3982036,55.1482514,53.9837035,54.2205607,1828040,100924474.4
2024-08-20,54.23042975,54.42781075,53.24352475,53.5297272,2380624,129620049.0
2024-08-21,53.7468463,54.07252495,52.7994175,52.9573223,2363590,127855263.39
2024-08-22,52.88823895,52.9770604,52.2072745,52.4046555,2149621,114299313.82
2024-08-23,51.92107205,52.71059605,51.6743458,52.41452455,1879146,99367086.86
2024-08-26,52.7994175,52.96719135,51.911203,52.13819115,1939721,102922642.38
2024-08-27,52.3651793,52.503346,51.05259565,51.05259565,2561028,133987133.64
2024-08-28,51.05259565,51.4572267,50.73678605,50.924298,2366022,122397689.97
2024-08-29,50.83547655,51.8125125,50.6282265,51.17102425,3497412,182105432.78
2024-08-30,51.15128615,53.24352475,50.9045599,52.8388937,5582022,296593334.97
2024-09-02,52.75007225,52.82902465,50.34202405,50.34202405,4594327,239891374.32
2024-09-03,50.20385735,51.68421485,50.20385735,50.7663932,3290700,170177789.0
2024-09-04,50.134774,51.24997665,49.86830965,50.95390515,2178786,111734770.26
2024-09-05,50.9637742,51.3980124,50.4900598,50.5887503,2627417,135406211.28
2024-09-06,50.5690122,50.8848218,49.3847262,49.41433335,2518500,127592260.0
2024-09-09,49.3255119,49.90778585,48.84192845,49.542631,2626621,131290438.35
2024-09-10,49.57223815,50.22359545,48.3780831,49.82883345,2917115,145186511.71
2024-09-11,49.82883345,50.134774,49.34525,49.90778585,1635800,82511550.0
2024-09-12,50.134774,50.69730985,49.4242024,49.47354765,2032044,102821446.6
2024-09-13,49.4834167,49.6807977,48.6544165,48.7333689,1602102,79648969.84
2024-09-18,48.7136308,49.35511905,48.0425354,49.2465595,1963100,96738722.0
2024-09-19,49.542631,50.61835745,48.8715356,49.94726205,2902404,146370045.12
2024-09-20,49.9966073,50.0360835,48.5359879,48.86166655,2242960,111641503.47
2024-09-23,48.56559505,49.542631,48.3780831,49.01957135,1660473,82665020.95
2024-09-24,49.2860357,51.68421485,49.0097023,51.26971475,4756277,243283841.11
2024-09-25,51.82238155,52.67111985,51.15128615,51.30919095,5280469,277902080.41
2024-09-26,50.95390515,54.58571555,50.9440361,54.48702505,6022460,322892304.4
2024-09-27,55.2864181,58.33595455,54.9311323,58.29647835,4704927,269389858.79
2024-09-30,61.86907445,64.1290869,60.38871695,64.1290869,9465897,602305113.58
2024-10-08,70.5439694,70.5439694,67.33652815,70.5439694,10227682,727984216.68
2024-10-09,70.5637075,77.5904711,68.34317125,74.017875,19464322,1476161132.58
2024-10-10,74.3336846,75.9127326,69.08335,70.67226705,13586145,990542006.87
2024-10-11,68.65898085,71.04729095,65.91538495,67.10954,8037064,551762888.54
2024-10-14,69.9715645,73.820494,69.5768025,73.820494,12383221,907262007.52
2024-10-15,75.00478,81.2025434,74.18564885,77.75824495,20377530,1627852664.65
2024-10-16,74.3928989,77.175971,73.4849463,75.27124435,11739866,891048642.5
2024-10-17,78.2813046,81.66638875,76.00155405,78.6563285,14426813,1158993031.63
2024-10-18,78.3010427,86.52196135,77.22531625,86.52196135,17157247,1430673897.33
2024-10-21,88.82145,95.1771182,87.88389025,95.1771182,23772265,2253604598.05
2024-10-22,94.74288,94.74288,88.43655705,90.597879,20295322,1874303070.99
2024-10-23,90.6176171,95.3547611,88.83131905,90.6373552,15870136,1484011646.17
2024-10-24,87.834545,90.4202361,87.3410925,88.85105715,11831592,1063552309.31
2024-10-25,89.2359501,89.6899264,86.7489495,87.92336645,10418127,929722063.15
2024-10-28,86.99567575,88.3674737,85.81138975,87.80493785,9844398,868833403.15
2024-10-29,86.00877075,90.3018075,86.00877075,86.89698525,11237637,1001990295.98
2024-10-30,86.650259,90.005736,86.22588985,88.41681895,10845030,972307322.65
2024-10-31,87.64703305,89.5122835,86.5515685,87.2226639,12219494,1086909869.82
2024-11-01,86.3541875,87.9332355,84.084306,84.25207985,9820241,848772626.33
2024-11-04,84.13365125,86.10746125,83.91653215,84.98238955,5040114,434234643.71
2024-11-05,85.19950865,90.1833789,84.7554014,89.40372395,11410200,1016498619.0
2024-11-06,90.400498,91.387403,87.637164,88.59446185,10538394,956056842.4
2024-11-07,88.61419995,90.43010515,87.60755685,89.2359501,7442984,669277112.75
2024-11-08,90.2228551,91.9598079,88.23917605,88.51550945,9325773,850756272.37
2024-11-11,88.51550945,92.44339135,88.14048555,90.9729029,11396556,1048636778.84
2024-11-12,91.9400698,93.953356,89.6899264,91.190022,10448595,965242423.11
2024-11-13,90.35115275,91.2887125,88.031926,91.2887125,7270070,659206207.5
2024-11-14,90.400498,93.0651415,86.9463305,87.29174725,7488008,679293617.99
2024-11-15,86.255497,87.94310455,83.689544,83.689544,7641721,665514212.8
2024-11-18,83.3934725,84.084306,79.61362635,80.34393605,8046805,664996399.01
2024-11-19,81.2025434,83.7684964,80.8275195,83.34412725,6446155,538267732.68
2024-11-20,83.3934725,84.1435203,82.35722225,83.5316392,3896499,328646898.04
2024-11-21,83.097401,84.3803775,82.67303185,83.42307965,3575700,302850322.0
2024-11-22,83.67967495,85.1106872,80.67948375,80.67948375,5555700,467452431.0
2024-11-25,80.67948375,81.320972,78.557638,80.04786455,4716206,380922337.2
2024-11-26,79.939305,80.73869805,79.0510905,79.29781675,2643248,213835216.64
2024-11-27,79.19912625,81.27162675,77.83719735,81.03476955,3722049,300485307.13
2024-11-28,81.0446386,84.4988061,80.8077814,82.2881389,6408989,537896455.56
2024-11-29,81.518353,84.1829965,80.92621,83.18622245,5306811,445055040.26
2024-12-02,83.8671869,83.87705595,82.47565085,83.00857955,4429243,372770536.6
2024-12-03,83.097401,83.58098445,81.6170435,82.57434135,3594436,299936206.56
2024-12-04,84.7751395,86.44300895,82.73224615,83.0579248,7413941,636353126.55
2024-12-05,81.9525912,84.3014251,81.2814958,83.1960915,5132340,429462454.0
2024-12-06,82.90988905,84.3606394,81.7354721,83.42307965,4824522,406965046.52
2024-12-09,82.9592343,83.77836545,81.78481735,82.69276995,3344110,280346614.1
2024-12-10,85.071211,85.465973,83.097401,84.281687,6721850,574347451.6
2024-12-11,84.07443695,92.7098557,83.93627025,92.69998665,19845453,1804718301.25
2024-12-12,91.6439983,91.96967695,88.43655705,90.6965695,12128455,1106108270.5
2024-12-13,89.62084305,93.2625225,89.62084305,91.10120055,13510204,1253842668.28
2024-12-16,92.9072367,93.7164988,86.48248515,86.9463305,13315925,1220886918.45
2024-12-17,86.18641365,87.2029258,83.6105916,83.689544,8824578,759375622.02
2024-12-18,83.89679405,91.979546,83.22569865,91.08146245,12284000,1102371700.0
2024-12-19,89.79848595,100.1905956,89.79848595,100.1905956,20003692,1951121193.52
2024-12-20,99.677405,110.20768135,98.5325952,110.20768135,20749158,2230711443.26
2024-12-23,111.520265,111.520265,103.29934635,105.598835,23590385,2547650559.91
2024-12-24,106.980502,110.2175504,104.16782275,107.2765735,18299398,1980130803.42
2024-12-25,104.04939415,106.58574,101.7499055,103.427644,13312886,1396153125.8
2024-12-26,102.63812,113.7704084,102.6183819,113.7704084,18904469,2092057491.16
2024-12-27,116.16858755,120.37280285,112.02358655,113.9677894,21718663,2547335146.49
2024-12-30,112.0137175,117.9351475,109.4280264,114.43163475,16183466,1864315584.24
2024-12-31,113.52368215,114.283599,108.362169,108.6187643,11798154,1323272754.92
2025-01-02,108.60889525,108.756931,100.18072655,101.4340959,13859129,1455507166.54
2025-01-03,102.45060805,103.625025,97.6641188,98.18717845,11131284,1127967877.55
2025-01-06,96.72655905,99.7760955,95.2363325,96.78577335,10716171,1052822664.67
2025-01-07,97.703595,106.4673114,97.506214,106.4673114,12396855,1292070469.4
2025-01-08,108.55955,117.11601635,108.2634785,117.11601635,16743489,1946509555.63
2025-01-09,122.1196247,128.8305787,120.72808865,126.9949354,26921929,3444245871.37
2025-01-10,125.84025655,129.5806265,123.6394584,125.336935,21550647,2765500482.09
2025-01-13,124.8237444,126.31397095,118.4680762,119.415505,17407000,2151199785.24
2025-01-14,120.205029,125.3171969,117.66868315,123.5210298,25180501,3104892490.84
2025-01-15,122.37622,135.8770804,121.586696,132.90649635,30290130,4026148295.72
2025-01-16,131.258365,132.24527,124.152649,125.0803397,24986897,3234140625.06
2025-01-17,124.152649,137.58442605,123.8565775,137.58442605,21524232,2854471541.24
2025-01-20,140.6734387,146.8909402,138.9957002,142.11432,25585700,3696523977.46
2025-01-21,145.2284249,156.33063873,138.09058128,156.33063873,28167757,4191635751.77
2025-01-22,151.4567372,156.36029736,148.3920121,151.68412003,21377410,3292467557.09
2025-01-23,152.57387893,154.6203244,146.28624937,149.43995036,17612757,2669638065.21
2025-01-24,147.4033911,159.167981,145.327287,155.47053846,20635681,3165311965.8
2025-01-27,153.14727911,166.6815006,150.270392,162.6281545,17987744,2893758645.65
2025-02-05,167.076949,178.87119753,153.85908623,167.63057676,25035529,4253336457.74
2025-02-06,161.28362994,184.39758892,160.18626063,184.39758892,19760678,3512943140.02
2025-02-07,191.78258779,197.6253379,178.1495042,184.66451659,32087013,6140324096.92
2025-02-10,181.906264,192.46473628,179.12823899,190.99169099,22488618,4227015184.88
2025-02-11,186.0584722,190.803853,180.74957743,183.43862655,19905496,3717278748.81
2025-02-12,178.0506421,187.53151749,172.8109508,182.91465742,22397349,4049862834.31
2025-02-13,178.940401,178.940401,165.8906038,168.02602516,26500026,4594109810.77
2025-02-14,167.51194224,170.9325709,165.2974312,167.43285256,16895567,2872235940.87
2025-02-17,165.88071759,173.03833363,165.88071759,170.88313985,17025261,2924396367.25
2025-02-18,167.076949,170.05269821,163.78484107,164.6053965,14209623,2397570999.68
2025-02-19,166.92865585,175.54943097,166.59252471,174.985917,25967648,4520025053.59
2025-02-20,173.23605783,177.95178,170.1416741,174.38285819,19723766,3476757846.74
2025-02-21,172.020054,184.43713376,170.32951209,180.89787058,21651630,3899245666.49
2025-02-24,178.89096995,178.89096995,168.06557,169.8450878,20535488,3563552757.56
2025-02-25,163.83427212,174.57069618,163.122465,167.88761822,15980420,2720100975.8
2025-02-26,168.06557,175.82624485,166.10810042,170.5371225,15975247,2777844806.62
2025-02-27,170.52723629,171.7234677,163.2213271,167.9667079,13256442,2240480935.58
2025-02-28,167.076949,169.40020835,155.49031088,156.202118,15592521,2528667663.45
2025-03-03,158.3770842,163.36962025,155.30247289,161.81748528,14093286,2293316463.24
2025-03-04,158.6736705,166.088328,158.32765315,163.122465,13802425,2276676088.94
2025-03-05,163.122465,164.3088102,159.8600157,162.87530975,9936995,1625471560.12
2025-03-06,163.122465,167.94693548,161.79771286,164.77346207,12713581,2122432090.59
2025-03-07,163.08292016,164.71414481,157.79379781,159.8600157,10471475,1704358217.14
2025-03-10,161.13533679,165.76208307,160.66079871,162.15361642,9673066,1596498810.58
2025-03-11,159.167981,166.02901074,158.17936,160.77943323,8655479,1409051620.15
2025-03-12,162.133844,164.38789988,160.03796748,160.73000218,9879144,1620844313.13
2025-03-13,159.70183634,160.43341588,153.15716532,153.89863107,10610871,1670455414.87
2025-03-14,153.38454815,162.60838208,153.28568605,161.7383956,13920801,2244371211.98
2025-03-17,162.60838208,163.122465,160.16648821,161.39237825,6324969,1034245440.07
2025-03-18,162.95439943,169.5485015,158.65389808,166.45411777,16703061,2790836282.4
2025-03-19,164.111086,174.21479262,164.111086,167.45262498,17644548,3036124215.2
2025-03-20,167.46251119,172.03982642,164.21983431,167.3735353,13323084,2278739831.5
2025-03-21,165.099707,167.05717658,157.4873253,158.6736705,12133121,1963460952.76
2025-03-24,160.3543262,165.5940175,159.6622915,164.2099481,13091054,2159906214.82
2025-03-25,164.2099481,166.9780869,158.14970137,158.69344292,9095035,1485557734.16
2025-03-26,158.69344292,164.111086,158.48583251,159.41513625,8585438,1402161874.23
2025-03-27,158.65389808,163.9133618,156.4987043,161.33306099,10064569,1643519984.55
2025-03-28,161.64941971,166.9780869,160.73000218,163.00383048,11484692,1904991357.13
2025-03-31,160.2554641,172.01016779,157.2896011,171.3280193,17679517,2959054034.06
2025-04-01,171.90141948,172.8109508,164.45710335,166.46400398,14126198,2404804384.72
2025-04-02,166.07844179,167.56137329,164.61528271,165.9894659,7007792,1175250198.44
2025-04-03,162.8258787,165.9894659,158.73298776,161.50112656,9111242,1494177120.21
2025-04-07,148.40189831,154.17544495,145.34705942,145.34705942,7784095,1162735329.04
2025-04-08,139.395561,145.0307007,130.81433072,133.01895555,14943931,2035304828.93
2025-04-09,124.566246,140.7796304,121.4026588,137.86319845,16348620,2187783877.77
2025-04-10,141.8671135,146.15772864,139.94918876,142.24278948,12383882,1791446947.15
2025-04-11,140.41384063,151.20958195,139.94918876,147.2056669,13283650,1966987957.98
2025-04-14,149.41029173,156.16257316,146.18738727,155.213497,14733373,2263426913.93
2025-04-15,153.38454815,154.5214623,149.84528497,151.40730615,8710343,1334622110.86
2025-04-16,155.7078075,156.202118,151.259013,152.29706505,12217519,1899269240.33
2025-04-17,151.33810268,167.076949,150.28027821,162.14373021,17264497,2790252753.78
2025-04-18,161.41215067,166.03889695,160.68057113,162.04486811,10022428,1650696313.36
2025-04-21,160.6509125,161.6395335,157.3884632,160.67068492,8894144,1432996474.8
2025-04-22,160.3543262,161.11556437,156.6964285,157.05233206,7937956,1267866582.82
2025-04-23,158.17936,159.05923269,155.71769371,157.56641498,9622157,1529358795.77
2025-04-24,156.22189042,156.7952906,152.12899948,152.46513062,8850476,1376165052.92
2025-04-25,153.9282897,154.17544495,149.96391949,151.76320971,6961833,1068123711.19
2025-04-28,152.23774779,154.21498979,151.53582688,152.13888569,5549318,857955803.45
2025-04-29,151.4567372,154.7191865,150.41868515,153.20659637,6797692,1051359052.59
2025-04-30,154.0271518,168.53022187,152.87046523,168.53022187,16595590,2736712931.09
2025-05-06,172.5143645,172.5143645,168.1644321,170.16144652,15794468,2718663707.36
2025-05-07,171.1302951,172.98890258,168.94544269,170.64587081,11033143,1905495055.92
2025-05-08,169.75611191,170.8337088,165.86094517,166.64195576,9526532,1615835416.74
2025-05-09,165.5940175,168.06557,162.65781313,164.15063084,7656628,1276740258.02
2025-05-12,165.5940175,166.6815006,163.7156376,165.64344855,7685599,1283247077.79
2025-05-13,167.75909749,170.91279848,164.4076723,165.1985691,9456156,1598297623.2
2025-05-14,163.6167755,167.29444562,162.17338884,163.11257879,7916964,1311877426.46
2025-05-15,162.14373021,163.9133618,160.43341588,160.53227798,5915631,968482822.22
2025-05-16,161.01670227,161.3429472,159.57331561,159.91933296,4550726,738468855.54
2025-05-19,158.17936,162.08441295,157.6850495,161.19465405,7561540,1226524986.14
2025-05-20,160.156602,160.8486367,157.99152201,160.47296072,5583849,902156388.42
2025-05-21,152.81114797,152.95944112,148.16462927,149.11370543,14524543,2205051882.32
2025-05-22,148.30303621,151.63468898,148.30303621,149.23233995,6094263,922918256.94
2025-05-23,149.24222616,149.5783573,145.15922143,145.68319056,8292004,1232376636.43
2025-05-26,146.315908,146.99805649,145.327287,146.58283567,4702705,695313537.72
2025-05-27,146.59272188,146.6124943,142.83596208,143.40936226,4911844,716796336.28
2025-05-28,143.22152427,144.17060043,141.19485122,142.19335843,4562287,658030380.5
2025-05-29,142.7568724,146.28624937,142.43062747,144.89229376,6356441,930939707.45
2025-05-30,144.26946253,144.26946253,141.9659756,142.6580103,4114144,593397426.68
2025-06-03,141.23439606,145.90068718,139.9887336,143.1523208,5182264,754576519.6
2025-06-04,143.29072774,144.24969011,142.25267569,142.68766893,4029049,582996552.72
2025-06-05,143.350045,148.0954258,143.03368628,145.80182508,7718906,1135043522.57
2025-06-06,145.83148371,148.42167073,144.338666,147.46270836,7150176,1060535658.84
2025-06-09,146.315908,150.12209885,145.54478362,147.8977016,6740578,1009059402.55
2025-06-10,146.82999092,147.47259457,140.49293031,142.15381359,8559448,1237326343.85
2025-06-11,142.29222053,144.03219349,141.71882035,142.31199295,4210957,608657517.88
2025-06-12,142.31199295,143.8443555,141.13553396,141.39257542,3944534,567788477.02
2025-06-13,140.52258894,141.8671135,140.00850602,141.0762167,4866823,693929358.54
2025-06-16,140.09748191,141.52109615,139.55374036,140.17657159,3738559,531178275.38
2025-06-17,140.40395442,142.44051368,139.65260246,140.1864578,3657696,519935484.08
2025-06-18,139.85032666,140.9773546,138.45637105,140.7796304,4570468,646970524.84
2025-06-19,140.40395442,145.7227354,139.5932852,141.16519259,8194653,1181850798.38
2025-06-20,140.1864578,141.45189268,139.0001126,141.28382711,4745245,673524204.35
2025-06-23,139.40544721,141.9659756,138.40694,141.08610291,6503746,924458428.07
2025-06-24,141.0762167,145.7227354,140.80928903,144.74400061,8427815,1226671557.21
2025-06-25,147.56157046,153.81954139,145.83148371,151.93127528,13991267,2113255620.14
2025-06-26,151.56548551,151.84229939,148.99507091,149.48938141,7448494,1130675602.12
2025-06-27,149.65744698,153.22636879,147.1068048,150.13198506,7607478,1158674752.36
2025-06-30,150.13198506,150.83390597,148.8863226,150.13198506,6111636,925509016.34
2025-07-01,149.281771,154.34351052,149.26199858,150.79436113,5846889,897997175.37
2025-07-02,149.7760815,150.30005063,143.01391386,144.06185212,9544421,1404384955.9
2025-07-03,143.5477692,146.8102185,143.35993121,145.86114234,5405494,796762528.4
2025-07-04,145.6238733,152.12899948,144.05196591,149.02472954,7850727,1177529403.11
2025-07-07,149.281771,150.94265428,148.0954258,150.59663693,4968376,750661508.01
2025-07-08,157.6850495,157.6850495,149.281771,150.3692541,13097398,2011706181.5
2025-07-09,148.97529849,150.5669783,146.04898033,146.6124943,8187102,1221933935.83
2025-07-10,146.87942197,148.60950872,144.74400061,145.47558015,5968997,881944468.47
2025-07-11,145.58432846,149.29165721,144.90217997,148.38212589,6793741,1014336034.46
2025-07-14,148.27337758,155.213497,147.7988395,152.3464961,8234460,1266620321.61
2025-07-15,152.247634,153.56249993,150.79436113,153.32523089,7446162,1147368908.19
2025-07-16,154.3237381,155.7078075,151.7533235,152.05979601,6922925,1076901342.2
2025-07-17,152.07956843,152.7419445,147.6011153,149.27188479,11285504,1701801888.35
2025-07-18,150.12209885,160.12694337,149.99357812,152.03013738,17213100,2694118384.73
2025-07-21,150.91299565,163.69586518,150.3692541,160.10717095,19196290,3082502697.13
2025-07-22,158.52537735,161.00681606,155.96484896,156.5975664,11006960,1757022472.11
2025-07-23,155.9055317,158.42651525,154.68952787,156.08348348,7305345,1155415746.31
2025-07-24,156.202118,158.75276018,155.3123591,158.06072548,8472347,1347246486.24
2025-07-25,158.06072548,162.56883724,157.25005626,161.50112656,9292430,1498073866.24
2025-07-28,161.6395335,162.16350263,159.62274666,160.97715743,7746250,1259490841.13
2025-07-29,160.98704364,166.5826385,159.8600157,165.099707,9988941,1654273440.13
2025-07-30,163.6167755,168.06557,162.35134062,164.06165495,8697692,1453528887.62
2025-07-31,162.16350263,164.7042586,158.85162228,160.156602,9093636,1485320637.88
2025-08-01,159.87872628,161.07977712,157.38729024,158.7173796,5023694,804839124.73
2025-08-04,158.2210776,163.25357988,157.73470164,161.75474784,6402884,1040627665.9
2025-08-05,161.75474784,162.41979252,160.28569392,160.801848,4120150,668109028.0
2025-08-06,161.47681872,164.65315152,158.35011612,161.9929728,7148804,1161791074.62
2025-08-07,161.61578328,162.00289884,158.84641812,159.7099836,6071503,980939039.73
2025-08-08,159.6603534,159.9085044,155.342526,155.5410468,6505094,1024998459.74
2025-08-11,155.70978948,160.2062856,154.87600212,159.17397744,6749394,1078183183.29
2025-08-12,159.58094508,166.98577092,159.32286804,166.41998664,13166732,2167505852.31
2025-08-13,166.42991268,173.63621772,164.59359528,171.720492,13181441,2246811563.82
2025-08-14,172.713096,184.49530548,171.8197524,176.56439952,16745655,3022427744.42
2025-08-15,174.9960852,180.0583656,174.698304,176.92173696,10208339,1822643649.27
2025-08-18,176.92173696,181.2991206,175.36334868,177.7753764,11471972,2057768080.04
2025-08-19,180.62414988,188.56498188,178.1227878,178.9665012,14887446,2754236166.33
2025-08-20,176.71329012,193.3592592,174.41044884,191.65198032,18751516,3477920944.63
2025-08-21,191.65198032,192.38650728,183.14536404,184.56478776,13652942,2572606602.28
2025-08-22,184.15782012,195.046686,184.15782012,194.57023608,15941951,3078911594.03
2025-08-25,203.46396792,206.58074448,190.579968,196.1881806,19374028,3855200065.12
2025-08-26,191.7710928,199.39429152,189.76603272,194.550384,12034880,2361012901.11
2025-08-27,199.017102,214.0054224,198.50094792,214.0054224,14283443,3013270898.21
2025-08-28,223.4351604,235.40596464,220.5069786,235.40596464,29009159,6728876465.08
2025-08-29,235.0486272,244.8257766,226.4129724,244.4783652,25146931,5987520427.51
2025-09-01,247.158396,248.14107396,223.54434684,232.25940996,26708377,6250388167.76
2025-09-02,227.3559462,229.05329904,209.439444,211.41472596,24741615,5427492920.79
2025-09-03,213.52897248,214.34290776,204.00990012,205.04220828,15550265,3270303018.36
2025-09-04,205.09183848,207.74209116,189.86529312,193.36918524,18736726,3740230602.6
2025-09-05,194.57023608,197.2304148,190.76856276,196.535592,17035909,3333769245.54
2025-09-08,198.024498,206.18370288,196.535592,199.67222064,17483368,3534689169.17
2025-09-09,199.6622946,203.41433772,194.6496444,196.46610972,11234905,2246099475.21
2025-09-10,195.62239632,203.16618672,195.62239632,199.7119248,12815957,2577531315.14
2025-09-11,198.40168752,210.86879376,197.05174608,210.22360116,17930117,3717051537.21
2025-09-12,209.191293,220.33823592,205.68740088,214.0550526,18913779,4051082405.43
2025-09-15,218.37288,219.24637152,206.8586736,207.2557152,14677946,3098937839.06
2025-09-16,207.454236,213.29074752,206.12414664,209.439444,11053452,2334421108.66
2025-09-17,207.454236,212.417256,204.75435312,206.77926528,11468129,2401275061.5
2025-09-18,209.01262428,227.4552066,209.01262428,221.85692004,29598031,6633781127.97
2025-09-19,221.27128368,221.27128368,210.76953336,213.68778912,20497593,4440260008.69
2025-09-22,216.883974,232.70608176,216.883974,228.18973356,21382268,4850975570.86
2025-09-23,227.09786916,231.23702784,218.05524672,223.15723128,18218228,4103526459.3
2025-09-24,220.358088,227.71328364,216.883974,222.36314808,18399869,4105076525.81
2025-09-25,222.4425564,227.8522482,218.6706612,225.6685194,15240840,3455048822.61
2025-09-26,222.839598,222.90908028,209.6379648,210.44197404,19029837,4130257980.31
2025-09-29,210.44197404,215.05758264,208.3475796,213.3105996,10690979,2281910395.53
2025-09-30,215.40499404,223.91161032,214.42231608,223.8818322,15370816,3430083757.55
2025-10-09,224.328504,224.33843004,216.56634072,220.84446396,14896167,3312497761.12
2025-10-10,216.387672,218.48206644,203.48382,204.43671984,14853384,3139958481.37
2025-10-13,195.542988,204.29775528,195.542988,203.20589088,9606372,1948091836.1
2025-10-14,206.957934,208.3972098,193.55778,193.805931,11294764,2275084493.3
2025-10-15,193.86548724,196.03929,184.7236044,192.9125874,15915566,3040630078.1
2025-10-16,191.94976152,195.22535472,189.5377338,190.60974612,8483230,1642467526.34
2025-10-17,189.25980468,190.52041176,182.3413548,182.40091104,9250590,1726760644.41
2025-10-20,184.98168144,187.1554842,182.639136,184.2273024,8355059,1557255394.12
2025-10-21,184.5250836,189.44839944,183.9295212,188.30690484,8447740,1594258365.11
2025-10-22,186.5599218,190.26233472,184.98168144,188.02897572,6592126,1243992730.74
2025-10-23,187.32422688,187.36393104,182.80787868,186.3117708,5393736,1003249797.7
2025-10-24,188.098458,192.74384472,187.72126848,192.565176,9056892,1739429063.92
2025-10-27,196.52566596,197.031894,189.20024844,192.72399264,12105202,2349553103.3
2025-10-28,194.550384,198.3222792,190.579968,191.35419912,12394907,2429171133.7
2025-10-29,189.9844056,191.31449496,187.602156,190.57004196,10029241,1911359440.13
2025-10-30,190.579968,190.7288586,183.64166604,183.75085248,10762461,2008154797.8
2025-10-31,182.639136,184.624344,179.70102816,180.1079958,8461357,1547576584.89
2025-11-03,180.157626,180.157626,174.70823004,177.53715144,8165929,1452064199.76
2025-11-04,177.179814,178.2716784,172.23664608,173.5071792,6964332,1225677631.0
2025-11-05,167.750076,172.59398352,167.5515552,171.51204516,8076142,1388234446.86
2025-11-06,172.14731172,174.11266764,171.5219712,173.7057,6759127,1179872044.96
2025-11-07,171.73041804,174.1027416,170.0330652,172.0679034,5009556,867317716.04
2025-11-10,172.04805132,173.48732712,167.0552532,169.75513608,7045885,1201446269.76
2025-11-11,170.0330652,171.59145348,165.87405444,166.20161376,5710980,967537665.06
2025-11-12,166.2115398,169.9338048,164.73255984,166.35050436,6978628,1176240641.54
2025-11-13,166.757472,170.3308464,165.764868,169.77498816,6658576,1130294648.49
2025-11-14,167.750076,168.73275396,165.42738264,165.42738264,5540654,932327052.44
2025-11-17,164.7226338,166.64828556,163.77966,164.86159836,4819873,801244949.01
2025-11-18,164.20647972,171.0256692,163.9781808,168.35556444,9838658,1670908332.19
2025-11-19,169.5863934,177.6264858,168.3456384,172.35575856,12903810,2258111313.46
2025-11-20,174.698304,175.690908,167.18429172,167.42251668,8639591,1474839973.88
2025-11-21,163.78958604,172.32598044,163.76973396,167.76000204,9939354,1691096020.22
2025-11-24,168.74268,170.55914532,165.0700452,169.08016536,8675415,1469519202.97
2025-11-25,170.84700048,176.15743188,169.9338048,173.41784484,12552074,2193823982.87
2025-11-26,172.0182732,184.13796804,171.34330248,180.68370612,17909192,3246082830.82
2025-11-27,180.3065166,184.00892952,177.85478472,178.3213086,12829567,2334673243.53
2025-11-28,177.46766916,182.15276004,176.4849912,181.60682784,9908624,1799997878.74
2025-12-01,183.5324796,189.97447956,179.2642824,188.36646108,17313365,3222684620.87
2025-12-02,186.609552,191.43360744,184.50523152,184.624344,10994432,2068782122.56
2025-12-03,183.63174,185.4184272,178.33123464,178.92679704,9839892,1790351004.02
2025-12-04,177.7753764,180.53481552,175.690908,180.06829164,7200706,1295830021.86
2025-12-05,180.157626,180.4554072,176.2864704,178.916871,5877582,1054849268.96
2025-12-08,179.54221152,180.653928,178.14263988,179.17494804,7908756,1429995764.23
2025-12-09,179.99880936,185.5176876,179.54221152,180.16755204,10139128,1860140860.76
2025-12-10,178.4701992,181.61675388,175.7901684,181.38845496,8253484,1487918957.22
2025-12-11,181.45793724,184.11811596,178.7679804,180.04843956,8317551,1520423529.87
2025-12-12,178.78783248,188.22749652,177.676116,184.128042,21419476,3994391712.45
2025-12-15,182.36120688,183.95929932,178.66872,178.8176106,9522134,1735334860.15
2025-12-16,178.49997732,179.2642824,171.71056596,172.3656846,7836436,1376221313.24
2025-12-17,172.216794,175.85965068,172.0182732,175.68098196,5614398,983464991.52
2025-12-18,172.75280016,174.83726856,172.0679034,172.09768152,4499692,786201525.86
2025-12-19,172.78257828,173.67592188,171.4227108,171.8197524,3893670,676450065.26
2025-12-22,172.37561064,175.66112988,172.37561064,174.36081864,4788750,840446934.23
2025-12-23,174.38067072,176.42543496,172.97117304,174.0034812,4827590,846879873.66
2025-12-24,174.0034812,178.00367532,173.209398,177.18974004,6180550,1094689054.11
2025-12-25,178.16249196,178.18234404,176.41550892,177.44781708,4476473,799136600.08
2025-12-26,176.683512,177.21951816,174.4997832,175.25416224,4861415,861279063.89
2025-12-29,174.5494134,178.49005128,174.23178012,175.00601124,5617546,998206066.08
2025-12-30,174.1027416,178.44042108,173.71562604,177.427965,7259591,1288468333.5
2025-12-31,178.66872,180.157626,175.21445808,176.96144112,6857522,1226121578.88
2026-01-05,177.7753764,184.75338252,177.76545036,184.74345648,11494797,2118879849.21
2026-01-06,185.120646,188.32675692,182.52002352,186.609552,11551635,2158636053.7
2026-01-07,186.609552,189.45832548,184.624344,186.17280624,9750041,1837923165.97
2026-01-08,186.609552,192.8629572,185.70628236,187.47311748,8955508,1705907643.23
2026-01-09,185.62687404,186.7088124,182.74832244,186.05369376,8638058,1610135901.8
2026-01-12,186.33162288,195.542988,184.2273024,195.542988,16003005,3087023813.88
2026-01-13,196.2378108,196.2378108,183.7310004,184.624344,15120095,2878938463.01
2026-01-14,184.68390024,196.85322528,184.68390024,190.37152116,15629218,3002393147.19
2026-01-15,189.70647648,194.34193716,186.91725924,190.27226076,9132080,1743151217.25
2026-01-16,192.74384472,193.061478,188.97194952,191.07627,10132330,1949200295.33
2026-01-19,191.572572,192.068874,186.609552,187.18526232,8287833,1571671545.69
2026-01-20,186.11325,191.2251606,185.79561672,186.18273228,7483020,1417263832.22
2026-01-21,184.5250836,194.52060588,184.10818992,193.56770604,15565459,3011169633.09
2026-01-22,196.535592,198.5208,191.3740512,192.67436244,12844799,2522235765.45
2026-01-23,192.19791252,193.061478,188.098458,190.083666,10165708,1939473444.55
2026-01-26,190.0340358,191.92990944,185.120646,185.39857512,8587268,1615953119.44
2026-01-27,189.2399526,201.37949952,188.97194952,198.58035624,21447809,4209788835.79
2026-01-28,202.491216,208.25824524,198.7193208,200.01963204,17353481,3547167893.5
2026-01-29,199.017102,201.09164436,189.81566292,189.89507124,13578051,2656229879.7
2026-01-30,189.587364,193.55778,183.74092644,189.90499728,11979717,2275410758.45
2026-02-02,189.091062,189.091062,180.653928,181.2991206,11160060,2070764650.58
2026-02-03,183.41336712,184.4258232,181.0013394,184.39604508,6356919,1172401665.38
2026-02-04,182.55972768,183.02625156,179.0657616,181.17008208,5477293,999250613.9
2026-02-05,178.66872,180.157626,176.99121924,179.17494804,3749258,674891411.94
2026-02-06,177.16988796,180.0583656,176.17728396,177.64633788,4190035,751211434.45
2026-02-09,180.653928,181.21971228,178.66872,180.93185712,4803993,871525017.0
2026-02-10,180.9317952,183.7454944,180.056864,181.597936,3795006,694783528.37
2026-02-11,180.553984,183.238432,180.1364032,180.7230048,2928186,533275290.12
2026-02-12,180.9715648,185.5649536,180.9715648,185.326336,6335801,1170401994.16
2026-02-13,183.9344,185.6047232,183.039584,183.288144,4621002,855739707.5
2026-02-24,186.4001152,186.4995392,182.6220032,183.5565888,3729967,689190434.09
2026-02-25,183.586416,184.232672,179.8878432,181.299664,4500382,822037109.83
2026-02-26,179.1421632,183.0594688,179.1421632,181.6277632,5432721,988379709.61
2026-02-27,179.46032,180.7230048,178.068384,178.9333728,5452770,981689476.74
2026-03-02,173.992,176.3483488,172.7193728,174.5786016,6051955,1061595355.05
2026-03-03,174.5686592,176.328464,164.0496,164.5268352,9149057,1548174672.34
2026-03-04,163.8209248,166.5352,163.1150144,164.248448,4331765,717575634.11
2026-03-05,167.330592,167.927136,164.9245312,165.8988864,4018699,673143373.26
2026-03-06,165.04384,168.0166176,164.894704,167.5194976,2823718,472925311.37
2026-03-09,168.52368,174.787392,166.03808,174.2703872,7965057,1366656675.62
2026-03-10,178.764352,179.3310688,174.0019424,174.5487744,6313318,1114133762.78
2026-03-11,173.7036704,174.6979104,171.4169184,172.3912736,4687320,813645338.68
2026-03-12,171.705248,172.6597184,168.02656,168.7523552,4117680,704053229.2
2026-03-13,166.5749696,168.52368,165.7000384,166.2468704,3525553,591386874.42
2026-03-16,165.04384,168.3148896,163.105072,168.02656,3847885,641769767.0
2026-03-17,168.9014912,169.120224,164.2285632,164.5069504,3128896,524246213.57
2026-03-18,164.5069504,166.5252576,164.0694848,165.78952,2862926,475477465.8
2026-03-19,162.110832,163.651904,159.0784,159.973216,5202694,842935326.68
2026-03-20,159.973216,160.9376288,155.1809792,155.1809792,4338297,689235831.81
2026-03-23,153.063248,153.063248,144.761344,145.0795008,6857140,1024344765.27
2026-03-24,147.4855616,149.1260576,144.612208,149.1260576,5101738,753497135.73
2026-03-25,150.13024,153.6001376,149.1260576,153.0035936,5311143,810826447.73
2026-03-26,152.8047456,152.8047456,148.241184,148.788016,3173889,479672317.9
2026-03-27,147.6844096,152.4865888,145.755584,150.9554592,4551667,686838559.52
2026-03-30,148.14176,149.6132352,147.0282112,148.589168,2948418,439844383.78
2026-03-31,148.4201472,155.7576384,147.942912,151.3531552,7766822,1194265420.52
2026-04-01,155.2804032,155.3102304,150.8560352,152.11872,4751983,728969994.62
2026-04-02,151.1344224,152.0789504,147.942912,148.4499744,3316947,498963021.14
2026-04-03,148.937152,150.13024,147.5551584,148.2809536,2752805,412058061.06
2026-04-07,148.191472,150.826208,146.849248,147.097808,3297120,491696294.11
2026-04-08,150.7367264,158.9093792,150.329088,158.9093792,9207571,1436591400.82
2026-04-09,156.09568,160.3410848,155.051728,159.4462688,6758483,1075787060.32
2026-04-10,169.0208,175.1652032,168.225408,169.0406848,12946324,2226562989.08
2026-04-13,169.0307424,170.76072,167.231168,167.8575392,7390742,1252795529.44
2026-04-14,169.716768,170.2636,166.7141632,168.7921248,6507377,1103032522.87
2026-04-15,169.6571136,173.395456,168.0365024,169.4980352,8659840,1482024595.06
2026-04-16,170.01504,170.909856,167.430016,169.9951552,7019121,1196039074.38
2026-04-17,169.4085536,170.9993376,168.4143136,169.9454432,5509121,941942949.81
2026-04-20,169.965328,176.676448,169.3886688,176.3483488,10345774,1804570602.4
2026-04-21,174.1113088,174.9166432,171.00928,173.3258592,6682525,1159176188.41
2026-04-22,173.992,178.515792,173.594304,177.2928768,9043045,1606397703.21
2026-04-23,176.9846624,179.9375552,174.041712,175.7617472,8383196,1490423046.34
2026-04-24,174.98624,179.6193984,172.102944,177.620976,8537882,1512604173.56
2026-04-27,179.4802048,186.9071776,177.0642016,184.4215776,13396171,2454591400.53
2026-04-28,182.293904,185.6047232,180.056864,181.0411616,8521707,1560338998.16
2026-04-29,179.4702624,181.3891456,175.6623232,181.3195488,8755857,1569794787.01
2026-04-30,179.1322208,183.9344,178.4859648,181.846496,8420000,1539390174.7
2026-05-06,184.2426144,187.7920512,180.007152,180.404848,14028512,2599290596.68
2026-05-07,180.355136,180.404848,175.781632,180.0170944,11147540,1999885874.21
2026-05-08,177.869536,178.416368,175.6722656,177.272992,8366618,1489742220.38
2026-05-11,179.2912992,184.8888704,178.4859648,181.6675328,11441605,2089919298.52
2026-05-12,181.94592,182.94016,177.0840864,178.3964832,7030867,1266756518.69
2026-05-13,169.0208,180.404848,169.0208,179.5199744,15134607,2660417775.67
2026-05-14,179.5696864,181.3294912,173.992,173.992,8375551,1489565546.03
2026-05-15,174.6581408,178.167808,169.51792,171.9637504,9411188,1640284809.21
2026-05-18,170.1045216,185.5848384,169.319072,180.156288,15667565,2816299876.55
2026-05-19,180.156288,192.7234816,178.7245824,191.88832,23981897,4516029213.68
2026-05-20,190.0589184,195.1792544,187.4241824,192.88256,15921959,3052262181.91
2026-05-21,193.8668576,201.83072,184.9385824,186.022304,22297292,4378535171.19
2026-05-22,188.9056,197.555488,186.8276384,194.1154176,15758876,3048009159.1
2026-05-25,198.8380576,199.8024704,188.3885952,192.3456704,15568844,3006218944.34
2026-05-26,190.098688,195.5868928,185.92288,194.7119616,15424455,2955138686.53
2026-05-27,195.86528,212.6579936,191.938032,200.7469984,27094535,5514079315.51
2026-05-28,200.7469984,201.5026208,187.8914752,192.037456,19816727,3840296995.9
2026-05-29,191.88832,194.37392,173.146896,174.6581408,21090324,3835356915.94
2026-06-01,176.97472,189.40272,176.875296,179.6193984,18135156,3366973173.38
2026-06-02,179.6293408,180.653408,173.4749952,174.48912,11861711,2095521907.53
2026-06-03,173.992,180.45456,172.99776,175.135376,11528144,2047280808.49
2026-06-04,170.01504,178.1578656,169.1401088,172.3117344,10103179,1761374850.21
2026-06-05,170.0249824,177.869536,166.03808,172.2321952,12177500,2114005754.44
2026-06-08,164.0496,167.03232,160.07264,162.757088,12428907,2047990009.35
2026-06-09,165.8491744,169.667056,163.9601184,169.2892448,8711195,1467708431.63
2026-06-10,166.03808,168.623104,161.3750944,162.6477216,7135536,1179796270.13
2026-06-11,161.4745184,163.453056,157.2688832,159.1579392,8081155,1294007268.52
2026-06-12,162.6477216,165.2029184,159.0784,159.5854624,8324033,1360849509.84
2026-06-15,161.7429632,170.9794528,159.1579392,169.7764224,12111537,2030745538.54
2026-06-16,170.01504,175.781632,169.0208,171.058992,8627016,1496200653.4
2026-06-17,169.26936,176.278752,168.9114336,174.936528,8986197,1568125517.52
2026-06-18,174.5189472,183.9045728,173.992,179.6193984,12829362,2311250984.2
2026-06-22,180.95168,181.796784,172.9579904,178.8737184,12333023,2204837386.55
2026-06-23,177.770112,183.4770496,173.24632,179.112336,11694516,2107699596.54
2026-06-24,177.123856,185.7836864,175.6424384,184.3221536,13856536,2541926076.33
2026-06-25,185.724032,188.8857152,181.3096064,187.4042976,15523509,2895028195.05
2026-06-26,183.9344,186.3504032,176.4875424,180.95168,13183802,2411622122.41
2026-06-29,179.9474976,183.3975104,174.588544,179.758592,11621460,2098742548.76
2026-06-30,179.7784768,188.855888,178.5356768,187.2750464,14659205,2742207056.25
2026-07-01,187.2849888,192.8726176,180.45456,182.244192,14427850,2715809241.89
2026-07-02,176.4875424,186.6785024,172.0234048,176.328464,13838483,2495065990.83
2026-07-03,174.98624,185.42576,174.3200992,178.9930272,11826553,2146267699.87
2026-07-06,180.852256,182.44304,170.313312,175.1055488,14034066,2474794885.19
2026-07-07,176.97472,192.6141152,176.97472,189.6115104,26008910,4967289992.65
2026-07-08,198.848,208.5716672,195.9746464,200.83648,43494838,8933894002.13
2026-07-09,201.1546368,206.7919776,192.087168,206.1656064,29019417,5833174634.98
2026-07-10,208.7904,225.69248,205.80768,207.597312,29823496,6470294920.16
2026-07-13,207.5873696,225.69248,207.5774272,217.73856,24399516,5380124548.65
2026-07-14,218.2754496,224.69824,203.32208,215.6605984,22893747,4876770154.58
2026-07-15,213.7616,217.7286176,204.3262624,209.28752,16154230,3419320355.69
2026-07-16,213.7616,230.216272,213.7616,220.9598976,32119518,7236795499.15
2026-07-17,225.69248,229.6495552,199.245696,200.83648,36204015,7807343866.35
2026-07-20,204.0478752,214.75584,192.2462464,206.80192,31757643,6571006495.5
2026-07-21,205.7181984,211.6538112,188.9056,206.851632,34333852,6993016911.2
2026-07-22,202.526688,227.5417664,202.526688,227.5417664,37317239,8336664726.53
2026-07-23,231.8766528,232.5328512,204.81344,212.76736,39937665,8693444171.99
2026-07-24,206.3246848,229.66944,206.3246848,220.522432,32904800,7339205142.93
2026-07-27,217.73856,220.423008,206.9112864,216.74432,25502174,5481300347.69
2026-07-28,209.78464,217.340864,197.9631264,198.3707648,23954927,4987062527.99
2026-07-29,198.848,210.7689376,196.0343008,201.880432,24568114,5039227192.68
2026-07-30,199.4644288,201.1446944,181.69736,181.69736,18411394,3443380115.21
2026-07-31,186.9767744,192.7433664,176.7460448,186.91712,32173508,5990797361.33
2026-08-03,182.94016,196.7700384,180.95168,182.9799296,21380280,4057193067.62
2026-08-04,186.91712,190.7350016,179.95744,188.1798048,18617194,3479570270.0
2026-08-05,185.9527072,203.123232,185.92288,197.85376,23316035,4625421459.99
2026-08-06,194.87104,207.995008,193.8867424,201.83072,17242421,3495982581.11
2026-08-07,200.83648,206.3048,195.36816,204.1373568,16021940,3251599371.15
2026-08-10,204.1373568,205.6684864,200.1206272,204.117472,10490416,2137331625.91
2026-08-11,202.32784,219.3094592,202.32784,212.1310464,18167476,3854641855.31
2026-08-12,212.4591456,214.9845152,207.5873696,212.27024,11743652,2493644842.37
2026-08-13,214.25872,214.7856672,206.80192,207.1399616,12486971,2648888674.84
2026-08-14,209.5,213.59,201.92,203.99,12427901,2558935736.95
2026-08-17,202.8,212.22,201.01,211.51,16339501,3371018818.7
2026-08-18,207.27,207.79,196.32,198.05,21196683,4261486689.07
2026-08-19,192.08,194.13,181.33,182.1,17478762,3273694381.93
2026-08-20,184.65,185.69,179.63,182.65,12179409,2220166077.13
2026-08-21,181.18,182.65,178.18,180.61,8896843,1607785301.92
2026-08-24,180.61,180.61,172.26,174.6,10226590,1794352902.47
2026-08-25,171.23,176.5,170.88,175.06,6714847,1171206029.37
2026-08-26,175.21,177.88,174.73,176.18,7157571,1261976667.48
2026-08-27,176.78,181.44,176.01,181.38,9740402,1741656584.93
2026-08-28,180.39,181.66,176.88,176.9,7245415,1298444806.26
2026-08-31,190.0,194.59,188.0,194.59,17827259,3436081939.25
2026-09-01,205.0,210.94,201.0,203.6,33948753,6974047212.83
2026-09-02,201.04,207.8,197.3,197.49,18483481,3727282619.15
2026-09-03,200.0,200.57,191.88,193.9,11092061,2167578908.92
