date,open,high,low,close,volume,amount
2023-07-21,93.13,95.14,91.62,94.57,500437,47063881.41
2023-07-24,94.49,96.27,90.0,91.0,804773,73800874.31
2023-07-25,91.9,92.18,87.88,88.55,750399,66901811.41
2023-07-26,88.99,89.42,87.89,88.87,273552,24231801.11
2023-07-27,89.35,90.58,87.02,88.98,533666,47426843.11
2023-07-28,88.6,89.52,87.72,88.66,203183,18023150.18
2023-07-31,89.32,89.96,86.55,87.34,531239,46692992.91
2023-08-01,87.0,89.3,86.8,88.21,272997,24004375.97
2023-08-02,88.0,88.75,87.48,88.13,170438,14995896.65
2023-08-03,88.31,92.49,87.9,92.0,786725,71500065.9
2023-08-04,91.68,93.35,91.26,91.46,281133,25930950.21
2023-08-07,91.54,92.33,88.03,88.38,346772,30886810.58
2023-08-08,88.76,89.39,87.6,87.67,230656,20356522.48
2023-08-09,87.01,89.78,85.46,87.7,456857,39876462.12
2023-08-10,87.65,87.99,85.96,86.17,236237,20422976.43
2023-08-11,87.69,90.44,86.5,86.55,683632,59922192.79
2023-08-14,86.28,86.87,81.52,82.82,766220,63705252.37
2023-08-15,82.99,84.17,82.1,83.79,235766,19623985.36
2023-08-16,83.0,84.84,82.8,83.15,205026,17178637.26
2023-08-17,83.0,83.15,80.8,81.75,288364,23615388.4
2023-08-18,82.75,83.11,79.78,80.08,424115,34371902.25
2023-08-21,80.07,81.49,79.85,80.81,272288,22058262.27
2023-08-22,81.6,81.94,78.8,80.0,353023,28182136.63
2023-08-23,79.99,80.9,77.8,78.19,299427,23777533.75
2023-08-24,78.5,79.36,76.87,77.0,441207,34393649.26
2023-08-25,76.58,79.62,76.58,77.33,354849,27679913.47
2023-08-28,82.44,82.99,78.69,79.13,580883,46906692.42
2023-08-29,78.03,80.39,77.61,79.98,627296,49496760.61
2023-08-30,80.97,81.18,78.79,80.22,427024,34297997.77
2023-08-31,79.16,80.55,77.5,79.16,427487,33673069.81
2023-09-01,78.5,79.31,77.88,78.27,226563,17786417.43
2023-09-04,77.9,78.54,77.78,78.25,254559,19888417.87
2023-09-05,77.81,78.5,76.88,76.88,252394,19550057.72
2023-09-06,76.5,76.89,74.0,74.21,510027,38011898.96
2023-09-07,74.2,75.09,71.52,71.62,554224,40354944.58
2023-09-08,71.55,72.2,71.12,71.12,401169,28687608.3
2023-09-11,64.3,71.0,64.25,68.04,8952106,608458205.13
2023-09-12,68.55,71.29,68.04,68.78,4623251,323721944.7
2023-09-13,68.02,70.14,67.2,67.69,1718803,117613181.87
2023-09-14,67.7,70.27,67.03,69.71,3088415,214264058.72
2023-09-15,69.71,71.22,69.11,69.81,3450625,240932344.31
2023-09-18,69.5,72.89,69.43,71.07,3448247,246933037.4
2023-09-19,71.0,71.28,68.4,68.75,1512117,104630353.99
2023-09-20,68.46,69.03,66.66,66.8,1125552,75916454.14
2023-09-21,66.52,66.67,65.15,65.94,960644,63318987.01
2023-09-22,66.01,68.69,65.72,68.48,1674542,113124579.59
2023-09-25,67.71,70.0,67.55,69.75,3033333,209608786.87
2023-09-26,69.02,70.52,68.01,69.62,2004882,140021510.01
2023-09-27,70.99,75.66,70.51,74.53,7667078,566877690.5
2023-09-28,75.23,75.79,73.5,74.88,3541755,265044882.17
2023-10-09,74.42,75.56,71.89,74.6,2441450,180406405.04
2023-10-10,74.46,75.62,73.06,75.0,2250100,168235524.76
2023-10-11,75.62,77.5,74.38,76.93,2311978,176989672.91
2023-10-12,77.0,80.79,76.8,80.28,3189738,253052266.36
2023-10-13,78.77,80.02,77.22,78.75,2729390,212982255.04
2023-10-16,78.72,78.73,76.48,77.85,778234,60239374.12
2023-10-17,78.37,78.37,76.61,77.57,814825,62958042.73
2023-10-18,77.0,79.0,76.1,78.0,930268,72153648.45
2023-10-19,77.95,78.15,76.2,77.84,1368611,105577596.47
2023-10-20,79.0,79.38,76.6,78.65,1190788,92895268.27
2023-10-23,78.65,78.65,75.0,76.3,1082879,82727617.07
2023-10-24,77.46,80.57,75.5,79.8,1627793,128358865.04
2023-10-25,79.03,80.58,78.11,80.0,1131234,90264068.15
2023-10-26,79.42,80.8,78.48,80.22,1342192,107361609.57
2023-10-27,80.6,83.2,79.18,81.7,1572308,128083590.77
2023-10-30,80.92,81.88,79.5,80.76,1769184,143364784.19
2023-10-31,80.76,84.0,79.31,82.54,2899623,239024540.5
2023-11-01,82.44,82.65,77.63,80.15,2438852,194190486.71
2023-11-02,79.85,79.99,77.75,78.43,1565381,123303250.27
2023-11-03,78.19,81.0,77.68,80.01,2033759,162106448.42
2023-11-06,80.1,83.5,80.1,82.79,2242652,185688331.3
2023-11-07,82.74,85.66,82.74,84.95,2813448,237799449.06
2023-11-08,84.36,86.25,83.14,83.85,1794194,152717008.94
2023-11-09,84.84,84.9,83.13,83.74,1557009,131087106.56
2023-11-10,84.68,84.68,82.52,83.25,722130,59964345.28
2023-11-13,82.95,83.64,80.11,81.91,1587374,129106108.58
2023-11-14,82.3,84.64,80.36,84.52,2435172,201994837.21
2023-11-15,83.97,85.4,83.63,83.78,1277934,108144452.21
2023-11-16,83.48,85.8,83.24,85.47,1186630,100637732.91
2023-11-17,85.02,87.48,84.0,87.3,1405931,120468116.37
2023-11-20,86.78,89.21,85.5,88.91,1746863,153833844.0
2023-11-21,87.95,90.2,86.81,88.4,1986562,175464063.75
2023-11-22,89.0,91.86,87.45,91.01,1970235,178980379.06
2023-11-23,91.01,93.25,89.95,93.0,2074006,190062749.05
2023-11-24,93.1,93.35,91.43,92.49,1621321,150495974.46
2023-11-27,92.99,95.69,92.6,94.46,4274843,402805079.35
2023-11-28,94.39,99.58,92.65,92.98,4824959,467836645.64
2023-11-29,93.69,97.98,93.0,95.27,5281009,507522272.79
2023-11-30,96.37,96.65,93.78,94.29,4299584,408348283.05
2023-12-01,94.4,95.38,92.0,94.0,4644694,435090842.41
2023-12-04,93.34,98.05,93.33,97.78,3989933,384784699.33
2023-12-05,97.5,101.43,95.88,99.5,4230947,421954066.62
2023-12-06,100.22,104.23,99.0,100.81,4426971,451018161.1
2023-12-07,101.2,106.68,96.68,97.69,8756339,872930696.79
2023-12-08,96.9,100.52,94.83,94.83,11787049,1152106829.36
2023-12-11,94.8,97.09,94.2,94.66,5079083,485046853.06
2023-12-12,94.3,95.48,90.18,90.82,5087840,466795649.29
2023-12-13,90.92,91.2,88.68,89.27,3506201,313713458.57
2023-12-14,89.32,90.98,88.47,88.7,2234060,199130436.11
2023-12-15,88.66,90.35,87.53,87.57,2251436,199091489.55
2023-12-18,87.27,89.98,86.67,87.26,1975757,173857496.01
2023-12-19,86.8,88.24,85.45,86.16,2414081,208223115.38
2023-12-20,85.81,87.02,84.68,85.28,1952450,166844756.75
2023-12-21,84.26,86.17,84.26,85.15,2765174,236609962.25
2023-12-22,84.93,86.17,84.66,85.14,2065621,176497506.45
2023-12-25,85.47,86.77,84.97,85.35,2345023,201048619.44
2023-12-26,85.4,86.87,85.0,85.32,1750644,150429269.43
2023-12-27,85.44,86.32,84.0,84.6,2045848,173700388.68
2023-12-28,85.29,87.25,83.58,85.5,1965479,168889459.41
2023-12-29,85.62,87.87,84.88,86.02,1575724,136585204.29
2024-01-02,86.66,87.86,85.36,87.01,1636784,142260896.76
2024-01-03,87.43,87.71,86.12,86.77,1123149,97738088.77
2024-01-04,87.38,87.38,83.95,85.55,1348875,114840278.6
2024-01-05,84.99,85.64,81.0,81.93,2638606,216953695.51
2024-01-08,82.05,82.11,79.87,79.99,1365700,110525895.66
2024-01-09,79.79,81.75,78.01,80.25,1478280,118644461.61
2024-01-10,80.0,80.42,78.35,78.84,856884,68001603.52
2024-01-11,78.65,79.24,77.9,78.56,1218347,95561517.84
2024-01-12,78.16,84.04,78.05,84.04,2602820,212122786.43
2024-01-15,83.03,83.2,79.38,81.67,1999407,162498666.85
2024-01-16,82.59,83.68,80.74,83.09,1476069,121681623.28
2024-01-17,83.9,83.9,78.0,78.0,1387034,110797352.02
2024-01-18,78.0,79.87,76.45,78.0,1398406,108527031.57
2024-01-19,78.23,81.16,78.0,80.08,1230258,98946515.42
2024-01-22,79.21,80.48,73.95,74.0,1728519,131669016.34
2024-01-23,73.12,79.24,73.12,78.0,1800610,138352572.84
2024-01-24,77.7,79.44,75.96,78.0,1261538,97316896.6
2024-01-25,77.95,81.66,77.09,81.15,1302912,104234813.34
2024-01-26,80.84,81.65,65.79,76.8,4941594,358527551.16
2024-01-29,71.99,71.99,65.8,67.32,5499325,375884417.8
2024-01-30,67.32,69.7,65.82,66.85,2060745,139529517.51
2024-01-31,66.48,71.59,66.0,68.74,2728909,187788910.38
2024-02-01,68.38,70.88,66.85,68.46,1923007,132777827.38
2024-02-02,68.95,70.7,64.65,66.44,2768834,186613043.01
2024-02-05,66.64,67.24,60.21,63.51,3458118,217807056.6
2024-02-06,63.51,69.6,60.0,68.0,4362487,280979414.78
2024-02-07,77.0,79.85,69.88,79.85,5172036,388344150.04
2024-02-08,79.13,82.78,72.0,74.09,4913884,382268356.41
2024-02-19,75.62,75.62,71.2,72.12,3199324,232058017.43
2024-02-20,71.47,73.1,69.37,69.76,2748827,193697574.7
2024-02-21,69.66,74.76,67.5,72.5,2629588,189161286.44
2024-02-22,71.87,72.83,70.18,71.8,1887149,134464559.42
2024-02-23,71.75,73.7,71.45,73.46,1742879,126413603.59
2024-02-26,73.37,74.26,70.37,71.58,1958727,140638683.36
2024-02-27,71.11,71.72,69.51,71.65,2361170,166507579.73
2024-02-28,72.14,73.89,70.51,70.97,3246172,234468862.19
2024-02-29,69.53,72.33,69.28,71.52,4221371,300454312.89
2024-03-01,71.38,71.38,68.22,68.96,3212687,222026825.7
2024-03-04,68.84,70.98,68.33,70.15,2662617,186439741.12
2024-03-05,69.86,71.0,68.76,70.58,1899291,133336291.77
2024-03-06,70.58,74.43,69.79,71.73,2378574,171566600.77
2024-03-07,71.0,72.43,69.88,70.7,1910275,135543680.87
2024-03-08,70.01,71.49,68.1,69.03,1987274,137101987.64
2024-03-11,68.26,70.54,68.26,70.1,1334882,92630407.45
2024-03-12,70.15,70.8,69.27,70.63,1404514,98384665.0
2024-03-13,70.65,71.36,69.61,70.49,1123563,78980465.02
2024-03-14,72.0,72.77,68.23,68.42,1441629,100587201.49
2024-03-15,68.0,68.99,67.53,68.42,1560883,106437769.48
2024-03-18,68.38,68.97,67.67,68.84,1160578,79320745.8
2024-03-19,68.68,69.68,67.55,67.55,1022941,69798211.18
2024-03-20,67.36,67.9,66.15,67.28,1398343,93501917.51
2024-03-21,66.96,67.26,64.39,64.51,1858180,121249045.86
2024-03-22,64.19,65.3,62.16,62.48,1623678,102993833.9
2024-03-25,62.48,62.97,60.42,60.52,1393865,85445548.87
2024-03-26,60.75,61.64,60.0,60.58,1408408,85608417.6
2024-03-27,60.58,61.0,58.14,58.21,1553045,91553158.53
2024-03-28,58.19,59.86,57.81,59.4,1279060,75622958.5
2024-03-29,59.13,59.68,58.82,59.14,718136,42472275.05
2024-04-01,59.14,60.06,58.58,59.32,1291876,76614345.61
2024-04-02,59.59,59.59,58.58,59.18,1194888,70583407.52
2024-04-03,59.18,59.36,58.68,58.97,640329,37749125.85
2024-04-08,58.0,58.62,56.27,56.36,1180025,67639430.92
2024-04-09,56.02,58.6,56.01,58.51,1439527,83073182.58
2024-04-10,58.5,58.5,57.08,57.58,939292,54263639.68
2024-04-11,57.68,57.81,56.17,56.3,789624,44755424.45
2024-04-12,56.17,56.55,53.8,54.09,1921750,105266939.44
2024-04-15,53.9,55.34,52.82,54.39,1899213,103038717.32
2024-04-16,54.3,54.81,53.13,53.6,1494904,80757901.61
2024-04-17,54.01,55.2,53.6,53.9,1339003,72544386.42
2024-04-18,54.02,54.98,52.5,53.0,1279997,68607629.45
2024-04-19,53.33,53.33,51.7,51.82,935223,49065395.75
2024-04-22,52.24,54.49,51.05,52.63,1808181,95973362.94
2024-04-23,52.61,54.44,52.2,53.56,1255540,66753039.58
2024-04-24,53.56,55.09,52.62,53.96,1252979,67866751.83
2024-04-25,53.44,55.18,53.03,53.31,1101100,59433864.25
2024-04-26,51.99,53.21,50.3,52.4,2780067,144368119.68
2024-04-29,52.06,57.58,52.06,57.44,3200915,178922742.74
2024-04-30,57.44,58.82,56.33,58.2,2293923,132124017.97
2024-05-06,59.86,60.09,57.2,57.33,2423355,141069804.74
2024-05-07,57.44,58.19,56.53,57.7,2071902,118908323.77
2024-05-08,60.0,61.52,58.8,59.8,3674492,220311452.11
2024-05-09,60.15,63.15,60.15,61.51,2940988,181606691.15
2024-05-10,61.49,61.98,58.92,59.0,1775550,106459032.17
2024-05-13,58.9,59.94,56.5,56.91,2255428,130067024.79
2024-05-14,57.59,57.81,56.04,57.27,1753734,99838302.94
2024-05-15,56.6,57.27,55.5,56.0,1223821,68774186.97
2024-05-16,56.16,58.0,55.85,56.69,1532534,87557033.53
2024-05-17,56.99,57.48,54.84,55.74,1477393,82499832.4
2024-05-20,55.94,57.19,55.26,56.15,1076203,60627297.25
2024-05-21,56.05,57.47,55.27,55.52,1365450,76481974.14
2024-05-22,55.52,55.78,54.42,55.16,1193353,65632352.84
2024-05-23,54.93,55.39,53.0,53.34,1322363,71037967.84
2024-05-24,53.35,53.9,52.49,52.66,845963,44861595.69
2024-05-27,53.29,53.35,51.6,52.85,1275427,66957569.78
2024-05-28,53.23,53.39,52.11,52.62,996106,52482323.41
2024-05-29,52.07,53.23,51.0,51.18,1354223,70199867.55
2024-05-30,51.18,51.58,49.47,50.0,2694499,135166584.63
2024-05-31,50.25,51.29,49.11,50.17,2866979,143350869.87
2024-06-03,50.3,50.79,49.53,50.51,2138939,107176254.58
2024-06-04,50.48,51.44,50.15,50.86,1245193,63210665.29
2024-06-05,50.73,51.66,50.39,51.23,1294049,66305412.86
2024-06-06,50.87,51.64,49.1,49.1,1425359,70923969.7
2024-06-07,49.42,49.87,46.77,47.92,2335421,112636530.96
2024-06-11,48.0,49.98,47.07,49.64,2202775,107691640.93
2024-06-12,50.6,53.24,50.16,52.8,3905522,203513610.64
2024-06-13,53.21,53.21,51.09,52.31,2182329,113409488.13
2024-06-14,52.12,52.43,50.45,51.59,2623242,134750029.19
2024-06-17,51.69,51.92,50.91,51.14,1122911,57693067.16
2024-06-18,51.5,51.8,50.7,50.78,1239389,63414176.98
2024-06-19,50.5,51.25,50.16,50.87,1238339,62741605.97
2024-06-20,50.65,51.93,50.65,51.36,1277892,65640105.96
2024-06-21,51.3,52.25,50.91,51.19,1073673,55356122.51
2024-06-24,51.2,51.2,49.41,49.68,1229293,61568147.44
2024-06-25,50.01,50.49,49.34,49.74,1104850,55187923.85
2024-06-26,49.31,50.98,48.86,50.06,1052724,52502597.33
2024-06-27,50.12,50.25,49.02,49.49,827284,41081908.64
2024-06-28,49.05,50.44,47.07,47.41,1430443,69880851.36
2024-07-01,47.05,48.5,45.71,47.93,1181769,55766615.71
2024-07-02,47.99,47.99,46.92,47.23,1274984,60365442.29
2024-07-03,46.82,47.58,45.54,45.57,1288568,59931926.51
2024-07-04,45.58,45.88,43.45,43.72,1859008,82389841.12
2024-07-05,43.72,45.69,43.3,45.5,1551764,69196118.03
2024-07-08,45.09,45.71,43.05,43.44,1448647,63626853.96
2024-07-09,43.37,43.62,41.89,42.6,2156650,91688335.08
2024-07-10,42.3,44.69,42.11,43.71,2065405,90464138.09
2024-07-11,44.1,45.31,43.93,44.69,1018166,45574214.15
2024-07-12,44.9,45.67,44.53,44.84,856326,38610733.35
2024-07-15,44.55,44.99,43.41,43.56,724525,32019864.02
2024-07-16,43.9,44.12,42.81,43.11,1206505,52194936.07
2024-07-17,43.17,44.37,42.71,43.62,1137293,49553799.78
2024-07-18,43.97,45.44,42.81,45.4,1707182,76041463.87
2024-07-19,44.99,45.78,44.4,44.92,1375227,62107939.72
2024-07-22,44.6,46.55,44.59,45.6,1746651,79835000.56
2024-07-23,45.42,45.61,43.73,43.93,880944,39439662.62
2024-07-24,43.97,43.97,41.84,42.03,1256461,53393738.79
2024-07-25,41.65,42.63,41.52,42.1,997919,41970152.86
2024-07-26,41.9,42.65,41.57,42.0,985340,41407936.93
2024-07-29,42.1,42.1,40.86,41.3,1092577,45127783.06
2024-07-30,41.2,41.53,40.19,41.41,1266071,51849935.64
2024-07-31,41.43,44.78,41.04,44.7,2275096,98029660.86
2024-08-01,44.7,45.06,43.55,43.77,1079791,47676353.21
2024-08-02,43.53,45.05,43.51,43.73,1211367,53625763.66
2024-08-05,43.77,44.95,42.9,43.08,1413919,61889343.41
2024-08-06,43.47,43.77,42.86,43.38,1032937,44722670.9
2024-08-07,43.03,43.68,41.8,41.88,1276724,54257345.61
2024-08-08,41.74,42.44,41.03,41.84,831991,34747732.02
2024-08-09,41.84,42.31,40.5,40.51,1120112,46037501.45
2024-08-12,40.51,40.69,39.88,40.64,1385385,55765770.72
2024-08-13,40.6,40.6,39.66,40.46,1006491,40265845.32
2024-08-14,40.46,40.46,38.82,38.93,1141475,44895961.38
2024-08-15,39.46,42.07,38.6,41.26,2909051,118722691.99
2024-08-16,41.26,42.5,40.9,41.79,1703288,71191756.25
2024-08-19,41.1,42.7,41.01,41.42,1224769,51101737.17
2024-08-20,41.79,41.79,39.3,39.64,1354015,54371453.85
2024-08-21,39.62,40.15,39.02,39.36,611992,24222366.11
2024-08-22,39.37,39.85,38.93,38.98,906835,35615326.93
2024-08-23,39.25,40.2,38.7,39.75,875360,34669074.75
2024-08-26,39.81,41.98,38.73,38.94,1995228,79487337.44
2024-08-27,38.65,39.5,37.72,39.34,1224275,47415204.32
2024-08-28,39.3,40.55,39.01,40.16,817608,32660233.08
2024-08-29,40.32,41.2,39.3,40.99,946762,38361818.03
2024-08-30,41.36,41.78,39.8,40.05,3001218,121958592.87
2024-09-02,40.01,40.3,37.73,37.79,1899843,73244791.05
2024-09-03,37.72,39.18,37.6,38.11,1152558,44362779.94
2024-09-04,38.58,39.03,37.71,37.89,1187270,45511413.72
2024-09-05,37.9,38.79,37.9,38.59,1096681,42104289.84
2024-09-06,38.79,38.79,37.3,37.45,1029003,38842739.66
2024-09-09,37.31,39.5,37.14,38.73,2251648,86799466.99
2024-09-10,38.32,39.01,37.46,38.15,1197592,45520842.48
2024-09-11,37.81,38.21,37.54,37.72,1098912,41575178.02
2024-09-12,38.17,38.74,37.65,37.66,1487329,56608677.68
2024-09-13,37.52,37.64,35.23,36.36,4125634,148809899.51
2024-09-18,36.21,36.22,34.68,35.79,2178402,77142382.53
2024-09-19,36.11,36.96,35.06,36.62,2077998,75249799.93
2024-09-20,36.56,36.85,35.86,36.18,1015709,36864276.27
2024-09-23,36.58,37.0,35.78,35.96,1195015,43480375.34
2024-09-24,36.33,38.3,36.3,38.24,2464798,92333213.09
2024-09-25,38.8,39.1,38.03,38.15,2475308,95273012.38
2024-09-26,38.15,39.99,37.82,39.99,2206072,85933582.08
2024-09-27,40.1,42.96,40.1,42.72,1329673,55314609.95
2024-09-30,45.5,51.23,45.02,50.99,5749308,275483956.35
2024-10-08,61.19,61.19,57.0,60.19,7343488,439095090.83
2024-10-09,59.5,62.76,56.2,57.03,6009021,359828994.86
2024-10-10,58.4,59.98,53.8,54.77,4727197,267070870.31
2024-10-11,58.18,58.18,50.0,51.0,3388307,177346830.06
2024-10-14,50.6,51.0,48.16,49.88,2970196,147294507.36
2024-10-15,49.85,50.17,47.96,47.96,2503887,122868553.83
2024-10-16,47.22,48.32,46.68,46.74,1973980,93372842.13
2024-10-17,46.88,47.84,45.88,46.0,1960663,91782337.39
2024-10-18,45.83,51.99,45.34,48.3,4388998,211192244.35
2024-10-21,49.51,50.6,48.0,48.89,3495445,172169607.39
2024-10-22,48.88,57.92,47.8,55.02,5905287,306990597.11
2024-10-23,54.9,54.9,52.51,52.6,3765107,200880844.64
2024-10-24,52.9,52.9,51.5,51.76,2269389,117857827.23
2024-10-25,52.0,54.5,51.57,53.55,3004412,159986002.74
2024-10-28,53.38,53.8,51.71,51.8,2650848,138424729.62
2024-10-29,51.8,52.57,50.8,51.41,2741578,141106721.94
2024-10-30,51.0,51.87,49.2,50.54,2123439,107486536.18
2024-10-31,50.32,51.19,49.2,49.77,2917475,145887995.01
2024-11-01,50.2,50.22,47.58,48.17,2724181,132766819.61
2024-11-04,48.17,48.72,47.3,48.17,1431751,68575631.96
2024-11-05,47.91,50.28,47.37,50.13,3397525,166511415.63
2024-11-06,49.99,50.9,49.33,49.65,2755819,137679821.48
2024-11-07,49.0,51.0,49.0,50.11,2551475,127609282.85
2024-11-08,50.84,53.6,50.42,50.9,5194879,267308219.51
2024-11-11,50.44,56.96,49.66,55.14,7098796,380000148.66
2024-11-12,55.15,56.19,52.7,53.4,5097456,277297316.76
2024-11-13,52.33,54.27,51.24,52.56,3199351,168075831.08
2024-11-14,52.64,52.88,50.71,51.08,2465241,127589040.66
2024-11-15,50.8,51.65,49.18,49.18,2545448,127786786.46
2024-11-18,49.58,50.33,47.58,47.73,2437130,118332293.69
2024-11-19,48.16,48.95,47.39,48.38,1671919,80544944.4
2024-11-20,48.45,50.38,48.0,49.82,2172642,107491814.51
2024-11-21,49.64,52.53,49.1,51.4,3533522,180418593.48
2024-11-22,51.2,52.14,48.69,48.81,2351603,118608442.6
2024-11-25,48.3,50.51,48.3,49.18,2013950,99300319.87
2024-11-26,48.74,49.79,46.88,46.9,1953423,94117281.73
2024-11-27,47.32,48.28,46.58,47.72,1751697,83185952.81
2024-11-28,47.61,48.55,47.2,47.52,1577238,75319673.92
2024-11-29,47.16,48.42,46.46,47.9,2249115,106935188.42
2024-12-02,47.87,50.7,47.3,50.09,2413639,118928285.3
2024-12-03,50.08,50.08,48.1,48.94,1698133,82920349.78
2024-12-04,48.94,49.56,48.01,48.24,1258721,61342060.27
2024-12-05,48.67,49.15,47.86,48.77,852078,41429850.44
2024-12-06,49.13,52.18,49.0,51.26,3457338,176514131.18
2024-12-09,53.24,53.47,50.8,51.2,2615615,136356003.04
2024-12-10,54.38,54.88,52.52,53.5,5686405,306004140.31
2024-12-11,53.6,55.8,53.1,53.8,3261553,177820357.36
2024-12-12,54.43,54.43,51.77,52.07,2590798,135801336.0
2024-12-13,52.36,52.38,49.57,51.26,2943091,149373122.71
2024-12-16,51.26,54.57,49.7,53.32,3668236,192186162.47
2024-12-17,53.26,54.05,52.1,52.92,1825886,96543067.1
2024-12-18,52.92,55.48,52.58,54.2,2578406,139619524.32
2024-12-19,52.78,54.83,52.78,54.2,1878708,101491793.7
2024-12-20,54.42,54.42,52.09,52.98,2021001,106984286.1
2024-12-23,52.98,53.68,51.51,52.0,1785664,93137105.78
2024-12-24,51.71,52.24,50.65,51.7,1477655,76176387.83
2024-12-25,52.17,52.33,47.91,48.3,3767674,184921829.16
2024-12-26,48.23,48.77,47.74,48.3,1628543,78620794.51
2024-12-27,48.07,48.49,47.12,47.78,2176212,104200961.52
2024-12-30,47.78,49.93,47.0,48.44,2281020,111257934.84
2024-12-31,48.53,48.6,46.79,46.79,1825384,86554547.58
2025-01-02,47.21,47.21,45.21,45.66,1736451,79981278.76
2025-01-03,45.32,47.41,45.32,45.79,1910031,88523511.38
2025-01-06,46.15,47.14,44.7,46.87,1663555,76305473.3
2025-01-07,46.5,47.08,44.8,45.55,1648170,75079432.68
2025-01-08,45.78,45.94,43.31,44.22,2706233,119936127.39
2025-01-09,43.82,44.41,43.5,44.09,996545,43771231.97
2025-01-10,44.09,44.39,42.42,42.42,2053446,88586838.94
2025-01-13,42.78,43.36,42.04,42.64,1004189,42896302.5
2025-01-14,42.64,44.44,42.42,44.23,1562193,68231553.75
2025-01-15,44.25,44.62,42.5,42.87,1463760,63298683.94
2025-01-16,43.05,43.6,42.03,42.3,2137198,91177489.12
2025-01-17,41.94,42.11,38.2,40.5,6054625,240204159.32
2025-01-20,40.49,42.47,40.4,41.66,2623812,109160113.79
2025-01-21,41.61,41.83,40.2,41.0,1781855,72632871.27
2025-01-22,40.99,40.99,39.41,39.79,2117668,84299120.78
2025-01-23,40.0,40.5,39.04,39.5,2266065,90140655.7
2025-01-24,39.3,41.05,39.12,40.29,2080670,83531042.11
2025-01-27,40.28,41.07,39.53,39.96,1518341,61059317.06
2025-02-05,43.0,46.08,42.57,45.7,6362707,286462592.54
2025-02-06,45.65,48.18,44.78,47.65,5936620,276686717.24
2025-02-07,47.65,56.94,47.22,55.0,10215457,540539755.19
2025-02-10,55.95,66.0,55.5,66.0,9473280,579123409.78
2025-02-11,66.0,66.99,61.2,62.87,10344861,660218720.94
2025-02-12,63.0,69.8,61.98,63.83,10610883,688570926.45
2025-02-13,63.63,68.58,63.63,66.68,7763239,515797570.2
2025-02-14,66.5,75.0,66.25,70.03,10000481,718054309.95
2025-02-17,70.11,77.77,69.77,71.18,10684712,778678371.71
2025-02-18,70.0,70.88,65.18,66.02,8295132,553755844.38
2025-02-19,65.78,70.94,65.31,69.95,9409197,645075567.57
2025-02-20,69.95,72.88,69.0,69.71,6471935,458970651.14
2025-02-21,69.08,73.18,68.49,72.9,8463862,599822610.0
2025-02-24,74.5,76.59,69.53,72.89,8888583,651932771.92
2025-02-25,69.8,80.0,69.78,77.48,7783211,586401601.96
2025-02-26,76.99,77.05,73.34,74.96,5981464,449280393.0
2025-02-27,74.96,79.33,74.74,78.29,6129566,477148624.24
2025-02-28,80.96,87.0,80.81,81.9,8309470,692363296.56
2025-03-03,81.0,86.88,80.17,81.06,6022313,502139352.34
2025-03-04,79.51,97.27,79.47,97.27,9877559,889227568.82
2025-03-05,97.27,100.99,92.08,96.5,9666534,930938431.14
2025-03-06,95.0,99.82,94.03,97.86,7528716,731193611.12
2025-03-07,99.21,106.66,91.56,93.1,10208606,999447980.77
2025-03-10,96.1,97.77,90.6,91.62,6821567,631781311.38
2025-03-11,91.8,94.26,90.71,93.0,5002911,462165648.34
2025-03-12,93.04,95.5,90.2,90.33,5308600,490876455.2
2025-03-13,89.69,90.8,87.88,89.66,4881645,433421129.11
2025-03-14,89.82,90.5,88.45,89.61,4304796,384263991.88
2025-03-17,90.42,93.14,89.2,92.24,4928928,450943963.36
2025-03-18,92.18,95.5,90.97,91.16,3680640,342058918.07
2025-03-19,90.75,97.55,90.13,93.38,5746849,541268596.61
2025-03-20,92.76,93.93,83.4,83.76,11425993,989810314.67
2025-03-21,83.6,84.19,80.53,81.79,7110161,582631997.2
2025-03-24,82.48,82.5,78.03,79.05,4777175,379545723.13
2025-03-25,79.7,84.3,78.92,80.18,5201204,424201327.68
2025-03-26,80.56,81.27,78.8,79.26,2291190,182476383.83
2025-03-27,79.67,80.66,77.77,79.63,2566596,204328602.25
2025-03-28,79.35,81.72,78.92,80.01,3699495,297147738.54
2025-03-31,80.0,80.0,76.61,78.25,4810154,373864106.44
2025-04-01,78.8,81.96,78.37,78.82,4731702,378860902.31
2025-04-02,78.22,80.34,77.8,80.07,3472262,276006665.78
2025-04-03,79.0,80.7,77.2,77.8,3481495,272357506.16
2025-04-07,72.0,82.84,71.8,76.09,8733805,675247269.82
2025-04-08,78.11,80.49,73.63,75.6,7067573,543751745.12
2025-04-09,74.51,83.24,73.5,78.6,7904700,625387882.42
2025-04-10,79.8,82.9,78.65,79.6,5733075,461721637.68
2025-04-11,79.05,83.9,78.87,82.37,5270573,428317691.99
2025-04-14,81.58,82.49,78.6,79.5,5241036,420630940.12
2025-04-15,78.75,79.48,74.3,76.25,5130263,389167894.12
2025-04-16,74.93,77.76,74.68,75.86,2689801,204453945.52
2025-04-17,75.01,78.44,75.01,75.99,3255591,248935462.8
2025-04-18,75.61,77.38,74.61,75.75,1695882,128385584.76
2025-04-21,75.8,76.2,74.1,75.92,2250432,169580747.57
2025-04-22,75.58,81.61,74.66,79.3,5451332,430467657.95
2025-04-23,79.56,80.13,77.8,78.84,2465061,194093649.31
2025-04-24,78.84,78.84,72.18,73.51,6188088,460034148.06
2025-04-25,73.54,75.18,72.84,73.25,2223119,164150818.36
2025-04-28,72.2,74.33,70.08,73.16,3350315,240840501.07
2025-04-29,72.9,76.38,72.5,74.9,3445525,256985365.68
2025-04-30,73.5,80.42,73.5,79.75,4777848,374768168.88
2025-05-06,80.47,82.98,78.74,81.02,3552675,287592131.92
2025-05-07,81.45,81.91,78.44,79.01,2558270,204655519.01
2025-05-08,78.73,81.8,78.73,79.77,2869778,231172917.65
2025-05-09,79.64,80.47,76.69,76.92,2214959,172627221.36
2025-05-12,77.45,79.09,75.57,76.45,2395267,184814329.89
2025-05-13,77.0,84.4,76.0,81.72,5557824,449490906.44
2025-05-14,83.4,86.5,82.16,82.27,5404454,455636402.85
2025-05-15,82.22,82.9,78.14,79.5,3093494,246372660.48
2025-05-16,79.0,80.18,78.0,78.4,1988377,156672854.02
2025-05-19,78.27,78.27,73.66,75.35,3782331,284101918.53
2025-05-20,76.12,76.12,73.9,74.31,2237065,166870558.64
2025-05-21,73.57,74.87,73.48,73.93,1670659,123809892.08
2025-05-22,73.94,74.44,71.9,72.45,2535065,184249004.09
2025-05-23,72.77,75.08,72.46,73.59,2851760,210655188.59
2025-05-26,73.98,74.0,72.3,73.59,1253327,91863239.42
2025-05-27,73.6,73.96,71.8,72.68,1701889,123799742.73
2025-05-28,72.7,72.7,71.26,71.29,1084933,77974327.71
2025-05-29,71.87,72.76,69.8,71.49,3251900,231419526.63
2025-05-30,70.88,71.5,70.21,70.52,1986325,140435910.05
2025-06-03,70.03,71.55,69.51,70.5,1848602,130557383.13
2025-06-04,70.01,70.99,69.2,69.8,2660704,185665511.37
2025-06-05,69.8,70.87,68.5,70.28,2027427,141983805.98
2025-06-06,70.36,70.78,69.65,70.08,1282178,90091356.94
2025-06-09,70.0,72.7,69.02,69.36,3905248,275523362.19
2025-06-10,69.12,70.57,68.1,68.32,3064082,211439246.48
2025-06-11,68.59,72.3,68.59,69.77,3634900,257412027.83
2025-06-12,69.51,70.31,67.98,68.25,2661312,182730172.19
2025-06-13,68.26,68.4,66.05,68.31,3337199,224750341.91
2025-06-16,67.86,68.24,65.1,65.93,5331523,352363041.78
2025-06-17,66.44,66.63,65.01,65.63,2849392,187770193.95
2025-06-18,65.9,65.96,63.78,65.1,3206508,207223294.75
2025-06-19,65.0,66.16,62.78,63.0,4782452,307114266.67
2025-06-20,63.45,63.8,62.45,62.75,2713856,171024832.76
2025-06-23,63.01,64.74,62.1,63.42,3225852,205819830.97
2025-06-24,63.15,64.9,63.13,63.79,3389414,216961160.21
2025-06-25,63.86,65.22,63.5,64.88,3713365,239242684.45
2025-06-26,64.8,64.97,62.64,63.55,3339313,212447161.4
2025-06-27,63.41,66.45,63.41,64.59,4414775,287662495.9
2025-06-30,64.96,65.27,63.6,64.83,3769874,243803806.51
2025-07-01,65.23,65.24,63.44,63.91,2901638,186004809.34
2025-07-02,63.54,64.79,63.0,63.23,2553097,162079010.11
2025-07-03,63.0,63.66,62.4,63.2,2189019,137933652.0
2025-07-04,63.13,64.16,62.51,63.47,2951134,186441281.42
2025-07-07,63.5,63.88,60.82,61.44,4480025,276847978.97
2025-07-08,61.2,62.75,60.9,62.08,3367907,208432363.98
2025-07-09,62.05,63.3,61.6,62.53,2296727,143453832.16
2025-07-10,62.6,64.88,61.9,62.73,3484734,220689299.87
2025-07-11,62.74,63.91,61.62,63.29,2906530,182916790.14
2025-07-14,63.75,63.98,62.13,62.75,2411515,151806136.89
2025-07-15,62.75,64.7,61.51,64.12,4619786,290991232.78
2025-07-16,64.0,65.3,63.54,64.98,4055534,261793976.42
2025-07-17,64.7,67.35,63.68,66.51,5854951,382133508.22
2025-07-18,66.9,66.9,64.11,65.45,4993185,324745155.77
2025-07-21,65.11,65.5,64.04,65.37,4258422,275111072.98
2025-07-22,65.39,67.5,64.82,65.37,4834547,318831327.56
2025-07-23,65.18,66.88,64.75,65.26,4077203,268596034.54
2025-07-24,64.97,67.33,64.85,66.74,5043116,335674304.32
2025-07-25,67.28,69.95,66.5,69.0,6651003,457421357.44
2025-07-28,68.77,70.46,67.49,67.86,4487151,307647862.38
2025-07-29,68.21,70.55,67.29,70.08,5196779,359460172.59
2025-07-30,70.1,70.89,66.99,67.7,5085089,349392352.31
2025-07-31,67.47,69.67,67.18,68.58,5292134,361669104.63
2025-08-01,68.49,70.22,67.12,69.0,5672017,389957364.42
2025-08-04,68.38,68.9,65.9,68.55,5060588,339329360.36
2025-08-05,68.51,69.35,67.19,67.76,3102287,211006269.95
2025-08-06,67.62,68.63,67.02,68.15,3478701,235895399.64
2025-08-07,68.01,73.8,67.98,70.94,7310436,524395266.67
2025-08-08,71.3,71.88,68.69,69.29,5226631,366578790.96
2025-08-11,69.64,72.4,68.88,72.26,5310507,377754097.77
2025-08-12,71.94,72.83,70.8,70.88,3847555,274327745.26
2025-08-13,71.5,71.5,69.97,70.22,3900294,275085450.57
2025-08-14,70.68,71.68,67.81,67.81,4375336,302981731.96
2025-08-15,67.81,71.5,67.6,71.1,6075330,425630380.33
2025-08-18,71.1,71.36,69.76,71.13,4762264,335977201.1
2025-08-19,71.13,71.99,69.52,69.6,4347547,305912180.96
2025-08-20,69.6,70.23,68.0,69.92,4481889,309719284.98
2025-08-21,69.9,71.53,69.47,70.0,3874440,272846748.74
2025-08-22,69.7,76.28,69.52,74.63,8314554,608579035.81
2025-08-25,74.0,76.5,72.27,74.3,8489801,629801211.71
2025-08-26,74.58,76.38,73.52,74.05,5416070,405117207.91
2025-08-27,75.45,77.23,72.5,72.5,6997082,524239827.45
2025-08-28,72.0,73.24,69.4,71.79,6412576,458235852.67
2025-08-29,72.21,72.47,70.0,71.62,4711542,335737661.85
2025-09-01,71.64,72.7,69.5,70.5,4937282,349155024.34
2025-09-02,70.5,70.98,68.0,69.36,5123219,355187622.64
2025-09-03,69.8,69.92,67.38,67.69,3700828,252713146.8
2025-09-04,67.52,68.83,64.84,65.8,3911509,261286555.99
2025-09-05,65.88,67.09,65.42,66.85,3195182,211449687.01
2025-09-08,66.5,74.15,66.5,71.71,9460139,677671130.87
2025-09-09,71.63,71.71,68.88,69.5,4441569,311086581.89
2025-09-10,69.6,69.9,68.5,68.61,2750352,189780221.01
2025-09-11,68.0,70.37,67.36,70.2,3996329,276688000.83
2025-09-12,70.51,74.21,70.41,71.4,7227636,524495811.66
2025-09-15,71.6,71.8,69.42,70.21,4447576,312378034.09
2025-09-16,70.31,70.93,68.78,70.4,3333167,232763675.35
2025-09-17,70.4,70.5,68.85,69.15,2923963,203181827.71
2025-09-18,68.9,70.4,67.47,68.23,4597106,317747753.94
2025-09-19,68.86,71.4,67.0,67.04,5830098,401610619.51
2025-09-22,66.9,67.82,66.24,67.26,2869303,192295578.22
2025-09-23,67.06,68.16,64.7,65.91,3662430,241215764.4
2025-09-24,65.97,67.25,65.21,67.15,2913797,193311192.31
2025-09-25,67.15,68.68,66.73,67.93,2969255,201781000.87
2025-09-26,67.71,69.18,67.06,67.1,2748630,186256396.66
2025-09-29,67.07,67.84,65.8,67.01,2613027,174576096.65
2025-09-30,67.04,70.3,67.04,69.17,4047815,279569445.37
2025-10-09,68.71,71.4,68.51,71.31,3892964,273150604.07
2025-10-10,71.06,71.06,68.76,68.91,3480579,242227736.04
2025-10-13,71.25,75.08,71.0,72.35,8925784,650195839.85
2025-10-14,71.37,72.82,70.48,70.64,5832669,417260869.01
2025-10-15,70.59,70.59,68.0,68.57,5238584,360955598.92
2025-10-16,68.67,69.44,67.44,67.6,3299129,225550486.42
2025-10-17,67.77,68.37,66.73,66.77,2951995,199159203.99
2025-10-20,66.88,67.3,65.83,66.47,2818419,187264897.14
2025-10-21,66.53,69.68,66.33,69.31,4485338,307537398.07
2025-10-22,69.2,69.21,67.9,68.79,2288370,156682301.66
2025-10-23,68.58,68.9,66.88,67.85,2217459,150083393.92
2025-10-24,68.21,68.47,66.65,66.69,3103313,208468142.28
2025-10-27,66.79,67.9,66.23,66.93,3022848,202388612.32
2025-10-28,66.93,67.4,65.3,65.56,3587168,237930963.72
2025-10-29,65.88,65.93,63.5,65.12,4042641,261941164.12
2025-10-30,65.0,66.13,64.5,64.99,2698396,176522430.25
2025-10-31,65.57,66.75,65.1,65.93,3218738,212857645.91
2025-11-03,67.33,70.9,67.33,68.78,7253511,500554159.97
2025-11-04,68.78,68.78,67.6,68.31,2777160,189177663.86
2025-11-05,67.9,70.44,67.5,67.68,3127352,214458082.96
2025-11-06,66.8,67.43,65.72,65.93,3382369,223833486.5
2025-11-07,65.47,65.73,63.47,63.55,4601953,296006267.81
2025-11-10,63.28,63.98,62.73,63.69,2780950,176181029.61
2025-11-11,63.93,63.93,62.97,63.33,2048172,129596667.99
2025-11-12,63.85,64.73,63.0,63.8,2850688,181936852.35
2025-11-13,63.26,64.37,63.26,63.6,1871239,118820448.83
2025-11-14,63.5,64.73,63.13,63.7,2231578,143015527.12
2025-11-17,63.28,63.65,61.77,62.85,2580923,161865711.85
2025-11-18,63.0,63.42,62.12,62.86,1717553,107737395.06
2025-11-19,62.65,63.0,61.72,61.79,1482819,92246029.84
2025-11-20,61.85,62.24,60.38,61.04,2374646,145349948.51
2025-11-21,61.34,61.8,59.11,60.89,3272047,198167098.38
2025-11-24,61.2,62.48,60.34,61.99,2184680,134054166.77
2025-11-25,62.34,64.31,61.85,62.56,2445599,155144231.42
2025-11-26,63.09,64.3,62.1,62.48,2677622,168653935.23
2025-11-27,62.01,63.39,62.01,62.93,1619728,101820177.88
2025-11-28,63.22,64.5,62.91,63.79,1888359,120276898.84
2025-12-01,63.5,64.36,62.62,63.1,2196980,139206853.42
2025-12-02,63.13,63.27,60.8,61.58,2249400,138666513.79
2025-12-03,61.0,62.47,60.36,61.89,2932789,180235143.87
2025-12-04,61.89,63.2,59.88,59.88,3138229,189934095.07
2025-12-05,60.0,60.9,59.44,60.7,2177423,130918164.43
2025-12-08,61.3,61.57,60.99,61.43,1859947,114071072.74
2025-12-09,61.56,61.93,60.03,60.17,2057090,124814241.4
2025-12-10,60.39,60.75,59.36,60.67,2072352,124829178.56
2025-12-11,60.76,60.86,58.78,59.9,3611830,216136216.87
2025-12-12,59.77,64.98,59.44,64.5,8640376,539773512.75
2025-12-15,64.18,65.78,63.51,63.52,3913377,253085507.76
2025-12-16,63.39,64.49,62.71,63.01,2196413,139254037.17
2025-12-17,63.3,64.98,62.9,64.35,2373047,151921606.3
2025-12-18,64.4,66.86,63.83,65.43,3231859,211601718.12
2025-12-19,65.44,66.08,65.0,65.26,2366953,155002082.35
2025-12-22,65.55,65.88,63.68,63.7,2264024,144995611.66
2025-12-23,63.79,63.79,62.91,62.95,1714829,108440803.45
2025-12-24,62.86,63.62,62.5,62.66,1812767,113974001.91
2025-12-25,62.6,62.93,62.06,62.61,1797990,112263614.06
2025-12-26,62.11,62.88,61.89,62.18,2185868,136054720.79
2025-12-29,62.02,62.34,60.85,61.05,3284985,201009281.35
2025-12-30,60.8,61.34,60.58,60.72,2009786,122360000.59
2025-12-31,61.0,61.2,60.51,60.76,1593565,96992547.53
2026-01-05,60.75,63.88,60.0,63.85,5035402,314656898.84
2026-01-06,64.76,68.8,64.53,68.29,7854202,530949417.04
2026-01-07,68.44,69.22,67.01,68.0,4916915,334821987.86
2026-01-08,67.58,69.68,67.4,68.05,4347239,297294318.21
2026-01-09,68.05,75.3,67.99,75.0,11268016,819427777.73
2026-01-12,77.06,79.8,76.02,78.78,9817606,768172564.62
2026-01-13,80.0,82.88,77.21,77.58,11300036,898827046.17
2026-01-14,77.0,80.6,74.04,75.24,12756753,986491369.36
2026-01-15,74.52,75.3,71.17,72.01,7828454,567150815.27
2026-01-16,71.6,72.56,67.15,67.25,9379805,644248637.32
2026-01-19,67.26,67.88,65.9,65.98,5811947,388289684.34
2026-01-20,66.0,66.82,64.3,64.76,4913250,319657029.15
2026-01-21,64.58,66.41,64.18,65.55,5496895,359471587.83
2026-01-22,65.56,67.94,65.45,66.82,5452649,363902121.82
2026-01-23,67.3,71.45,66.6,70.65,7383498,512260024.81
2026-01-26,69.03,70.1,67.17,68.08,6420324,438447641.92
2026-01-27,67.63,68.38,65.5,67.13,4294613,285320233.2
2026-01-28,66.7,67.79,65.46,66.0,3911418,258548978.38
2026-01-29,65.63,70.27,65.22,67.4,6435642,439158970.73
2026-01-30,67.39,67.55,64.62,65.13,5284511,346935152.25
2026-02-02,66.5,69.85,65.51,65.53,6488580,437109720.31
2026-02-03,66.7,67.85,65.52,66.35,3797157,252209077.61
2026-02-04,66.09,67.24,64.86,67.21,3795215,249444060.51
2026-02-05,66.56,68.03,65.8,66.7,3117291,207776088.36
2026-02-06,66.48,68.18,65.29,67.5,4203939,283099757.17
2026-02-09,68.01,69.16,67.21,68.71,3590216,244898107.52
2026-02-10,68.68,68.68,67.63,67.65,2617401,178057959.87
2026-02-11,67.83,68.1,67.01,67.07,1618635,109055860.28
2026-02-12,67.04,67.44,66.11,66.16,2459508,164169823.04
2026-02-13,65.98,66.87,65.26,65.31,2717146,179246005.66
2026-02-24,66.6,67.13,65.1,65.42,3407239,224874289.54
2026-02-25,65.36,65.98,64.86,65.49,2636296,172462900.09
2026-02-26,64.95,65.5,63.88,64.3,3665932,235721681.05
2026-02-27,64.51,64.58,63.53,63.7,2325071,148387778.33
2026-03-02,62.8,63.52,61.1,62.19,3770836,234498982.13
2026-03-03,62.26,62.7,57.57,57.98,5660812,337723275.15
2026-03-04,57.46,57.82,54.36,55.56,5264722,293592520.61
2026-03-05,56.85,56.88,54.84,55.61,3459054,192342180.29
2026-03-06,55.11,56.9,55.11,56.36,3430754,193389993.18
2026-03-09,55.5,55.78,54.16,55.3,3633271,199666806.57
2026-03-10,55.8,56.51,55.22,56.11,2462203,137783423.59
2026-03-11,56.4,56.4,55.55,55.59,2052443,114566404.17
2026-03-12,55.6,55.6,54.57,54.86,2057439,113127083.22
2026-03-13,54.6,54.86,53.4,53.79,2695485,145644551.32
2026-03-16,54.76,55.58,53.4,54.96,3055037,166854088.72
2026-03-17,55.3,55.49,53.9,53.91,2360728,129358189.36
2026-03-18,54.09,54.5,53.4,53.5,2478689,133391275.37
2026-03-19,53.2,53.2,52.24,52.55,2470967,130214193.17
2026-03-20,52.55,53.54,51.57,51.57,2394797,125688310.11
2026-03-23,51.0,51.57,48.99,49.0,4000904,200054323.59
2026-03-24,49.04,50.82,49.04,50.61,3055735,153221038.81
2026-03-25,50.51,51.38,50.02,50.24,2388033,120546593.27
2026-03-26,50.16,50.49,49.02,49.42,1848950,91835531.33
2026-03-27,49.05,50.45,48.5,50.08,2702056,134913174.34
2026-03-30,48.98,50.5,48.9,49.65,2610815,129844030.04
2026-03-31,49.29,50.56,49.18,49.18,2290058,114198330.45
2026-04-01,50.11,50.71,49.13,50.51,2733024,136998598.14
2026-04-02,50.3,50.64,49.54,49.9,2727095,136244180.39
2026-04-03,49.71,49.87,48.2,48.24,2082968,101582171.46
2026-04-07,48.24,48.77,47.47,47.85,1933100,92861188.88
2026-04-08,48.84,51.74,48.53,51.73,4195518,211832777.87
2026-04-09,51.38,51.49,49.65,49.66,2591394,130312543.92
2026-04-10,49.82,51.98,49.82,51.05,3054981,155882866.62
2026-04-13,50.77,51.02,50.31,50.48,2017358,102158664.55
2026-04-14,51.0,51.47,50.27,51.02,2172171,110346171.97
2026-04-15,51.7,52.68,50.91,51.08,2793123,143957988.94
2026-04-16,51.07,51.5,50.68,51.3,1936286,98886091.06
2026-04-17,50.9,51.19,49.56,49.56,4189080,209704640.1
2026-04-20,48.7,49.68,47.0,48.56,5390091,260199434.8
2026-04-21,48.6,48.86,47.23,47.67,3376298,161556471.95
2026-04-22,47.67,48.87,47.36,48.41,2990069,144307992.58
2026-04-23,48.06,48.82,47.18,48.6,4426490,212311252.66
2026-04-24,47.96,48.71,47.23,48.3,4619320,221273988.81
2026-04-27,48.3,54.46,47.79,53.59,9532489,492694507.73
2026-04-28,52.75,54.37,52.65,52.78,5982502,319234306.35
2026-04-29,52.46,53.73,52.11,52.45,3476362,182997326.51
2026-04-30,52.46,52.6,50.66,51.0,4529254,233587241.49
2026-05-06,51.2,52.68,50.93,51.05,4169872,215374913.99
2026-05-07,51.06,52.75,51.06,52.66,4102866,213170600.11
2026-05-08,52.5,54.76,52.09,52.7,5784634,309648335.11
2026-05-11,52.7,54.44,51.59,53.73,6429181,340672522.55
2026-05-12,53.49,53.49,51.7,51.79,4326095,225289898.03
2026-05-13,51.4,52.0,51.06,51.65,3473526,178962195.96
2026-05-14,51.69,52.5,50.23,50.58,4770415,244210962.92
2026-05-15,50.5,53.88,50.38,52.42,6967904,365837644.23
2026-05-18,51.66,53.28,51.2,52.49,4104894,214452098.54
2026-05-19,52.4,54.27,51.9,53.37,4199221,222126806.26
2026-05-20,52.97,55.52,52.4,54.94,5516676,296890879.8
2026-05-21,54.67,56.31,53.4,53.61,6541545,358472548.45
2026-05-22,52.5,53.51,51.5,53.13,5230308,274435197.73
2026-05-25,52.5,55.93,52.5,54.54,5138742,280577976.26
2026-05-26,53.99,54.74,52.48,53.43,4440515,237082507.26
2026-05-27,53.46,54.31,51.71,52.49,4317034,228148484.26
2026-05-28,51.95,52.7,50.1,52.01,4267297,219997807.63
2026-05-29,52.0,53.46,50.18,50.5,4773701,245866777.36
2026-06-01,49.13,49.76,47.0,48.83,6438588,312752008.27
2026-06-02,48.54,50.17,46.7,49.0,5066745,246074893.72
2026-06-03,48.99,49.39,47.8,48.17,3823116,185358165.85
2026-06-04,47.79,50.4,47.59,47.86,4694475,227147475.91
2026-06-05,49.7,54.18,49.4,49.6,8368800,433210489.09
2026-06-08,49.8,51.49,46.77,47.19,6836619,328528318.12
2026-06-09,47.39,47.73,45.33,47.23,4913319,227805868.85
2026-06-10,46.1,46.88,44.88,46.26,4411923,202617342.18
2026-06-11,45.84,47.33,45.0,45.89,4931256,225556298.24
2026-06-12,47.45,52.44,47.36,51.9,13299505,669109103.63
2026-06-15,50.66,52.52,49.22,49.43,7010650,353425486.8
2026-06-16,49.65,49.65,48.07,48.96,4814962,234968418.59
2026-06-17,48.86,49.84,48.27,49.04,4138171,202401282.69
2026-06-18,49.04,50.7,48.6,49.9,5010015,249774575.0
2026-06-22,50.7,50.77,48.14,50.69,5097977,251544145.61
2026-06-23,50.7,52.43,50.23,50.32,5101761,260803997.61
2026-06-24,50.5,51.2,49.54,49.56,4141950,207983337.69
2026-06-25,49.21,51.15,48.61,50.47,4692253,233341574.44
2026-06-26,50.5,50.86,48.01,48.27,5070488,249056598.94
2026-06-29,47.55,50.99,47.0,50.93,6344375,314792530.19
2026-06-30,50.8,51.81,50.18,51.08,5267250,267624971.39
2026-07-01,50.52,52.8,49.57,52.17,6169352,317384713.39
2026-07-02,53.14,56.86,51.75,51.91,8056559,432594389.69
2026-07-03,51.33,61.39,50.92,58.99,15162585,846773591.84
2026-07-06,57.79,59.79,55.84,56.48,12090532,692630815.61
2026-07-07,56.0,56.77,54.07,54.09,7174111,396843488.63
2026-07-08,54.0,54.76,53.22,54.38,5390661,291145324.91
2026-07-09,53.56,56.38,53.3,55.88,6153404,339231721.13
2026-07-10,55.74,58.88,55.41,56.5,8286033,475049047.91
2026-07-13,55.78,57.14,52.45,52.6,6916560,372884841.1
2026-07-14,52.4,53.38,51.25,52.04,5495238,287436201.34
2026-07-15,52.19,53.93,51.07,53.0,7133552,376630334.41
2026-07-16,52.01,54.7,51.6,52.68,6185726,328157297.47
2026-07-17,52.32,52.68,48.05,48.07,6916941,343884802.26
2026-07-20,47.81,49.44,47.65,49.12,4981786,241667935.17
